﻿{
  "PROFILES": [
    {
      "NAME": "default",
      "COOLDOWN_MS": 220000,
      "START_DELAY_MS": 1000,
      "SEQUENCE": [
        {
          "ENABLED": true,
          "VIRTUAL_KEY": "VK_3",
          "HOLD_MS": 250,
          "AFTER_DELAY_MS": 500,
          "STEP_KIND": 1
        },
        {
          "ENABLED": true,
          "VIRTUAL_KEY": "VK_3",
          "HOLD_MS": 250,
          "AFTER_DELAY_MS": 500,
          "STEP_KIND": 1
        },

        {
          "ENABLED": true,
          "VIRTUAL_KEY": "VK_3",
          "HOLD_MS": 250,
          "AFTER_DELAY_MS": 500,
          "STEP_KIND": 1
        },
        {
          "ENABLED": true,
          "VIRTUAL_KEY": "VK_F1",
          "HOLD_MS": 300,
          "AFTER_DELAY_MS": 700,
          "STEP_KIND": 0
        }
      ]
    }
  ],
  "ACTIVE_PROFILE": "default"
}
