{
  "PROFILES": [
    {
      "NAME": "WaitMode",
      "BUILT_IN": [
        {
          "KEY": "SC_INSERT",
          "ACTION_ID": "ActionCheckCharacterCoordinates",
          "IS_SYNC": true
        },
        {
          "KEY": "SC_DELETE",
          "ACTION_ID": "ActionSellItem",
          "IS_SYNC": true
        },
        {
          "KEY": "SC_PGUP",
          "ACTION_ID": "ActionCopyItemName",
          "IS_SYNC": true
        },
        {
          "KEY": "SC_PGDOWN",
          "ACTION_ID": "ActionPaste",
          "IS_SYNC": true
        },
        {
          "KEY": "SC_NUMPAD_ADD",
          "ACTION_ID": "Test",
          "IS_SYNC": true
        },
        {
          "KEY": "SC_NUMPAD_DECIMAL",
          "ACTION_ID": "ActionCloseMacro",
          "IS_SYNC": true
        }
      ],
      "BANDS": []
    },
    {
      "NAME": "HuntMode",
      "BUILT_IN": [
        {
          "KEY": "SC_NUMPAD_DECIMAL",
          "ACTION_ID": "ActionCloseMacro",
          "IS_SYNC": true
        }
      ],
      "BANDS": [
        {
          "KEY": "SC_INSERT",
          "ACTION_ID": "HuntBand:OneWay",
          "IS_SYNC": true
        }
      ]
    }
  ]
}
