﻿{
  "profiles": [
    {
      "name": "WaitMode",
      "builtIn": [
        {
          "key": "SC_INSERT",
          "actionId": "ActionCheckCharacterCoordinates",
          "isSync": true,
          "pauseSending": false
        },
        {
          "key": "SC_DELETE",
          "actionId": "ActionSellItem",
          "isSync": true,
          "pauseSending": false
        },
        {
          "key": "SC_PGUP",
          "actionId": "ActionCopyItemName",
          "isSync": true,
          "pauseSending": false
        },
        {
          "key": "SC_PGDOWN",
          "actionId": "ActionPaste",
          "isSync": true,
          "pauseSending": false
        },
        {
          "key": "SC_NUMPAD_ADD",
          "actionId": "Test",
          "isSync": true,
          "pauseSending": false
        },
        {
          "key": "SC_NUMPAD_DECIMAL",
          "actionId": "ActionCloseMacro",
          "isSync": true,
          "pauseSending": true
        }
      ],
      "bands": []
    },
    {
      "name": "HuntMode",
      "builtIn": [
        {
          "key": "SC_NUMPAD_DECIMAL",
          "actionId": "ActionCloseMacro",
          "isSync": true,
          "pauseSending": true
        },
        {
          "key": "SC_INSERT",
          "actionId": "ActionStartDefaultBand",
          "isSync": true,
          "pauseSending": false
        }
      ],
      "bands": []
    }
  ]
}
