﻿{
  "profiles": [
    {
      "name": "WaitMode",
      "builtIn": [
        {
          "key": "SC_PGUP",
          "actionId": "ActionCopyItemName",
          "mode": "Once",
          "pauseSending": false
        },
        {
          "key": "SC_PGDOWN",
          "actionId": "ActionPaste",
          "mode": "Once",
          "pauseSending": false
        },
        {
          "key": "SC_INSERT",
          "actionId": "ActionCheckCharacterCoordinates",
          "mode": "Once",
          "pauseSending": false
        },
        {
          "key": "SC_HOME",
          "actionId": "ActionHoldBoundKey",
          "mode": "ToggleHold",
          "pauseSending": false
        },
        {
          "key": "SC_DELETE",
          "actionId": "ActionSellItem",
          "mode": "ToggleHold",
          "pauseSending": false
        },
        {
          "key": "SC_NUMPAD_DECIMAL",
          "actionId": "ActionCloseMacro",
          "mode": "Once",
          "pauseSending": false
        },
        {
          "key": "SC_NUMPAD_ADD",
          "actionId": "ActionDropItemOnce",
          "mode": "Hold",
          "pauseSending": false
        }
      ],
      "bands": []
    },
    {
      "name": "HuntMode",
      "builtIn": [
        {
          "key": "SC_INSERT",
          "actionId": "ActionStartDefaultBand",
          "mode": "Once",
          "pauseSending": false
        },
        {
          "key": "SC_NUMPAD_DECIMAL",
          "actionId": "ActionCloseMacro",
          "mode": "Once",
          "pauseSending": false
        }
      ],
      "bands": []
    }
  ]
}
