{
  "profiles": [
    {
      "name": "WaitMode",
      "builtIn": [
        { "key": "SC_NUMPAD_ADD", "actionId": "Test", "isSync": true },
        { "key": "SC_NUMPAD_DECIMAL", "actionId": "ActionCloseMacro", "isSync": true }
      ],
      "bands": []
    },
    {
      "name": "HuntMode",
      "builtIn": [
        { "key": "SC_PGUP", "actionId": "ActionCopyItemName", "isSync": true },
        { "key": "SC_PGDOWN", "actionId": "ActionPaste", "isSync": true },
        { "key": "SC_DELETE", "actionId": "ActionSellItem", "isSync": true },
        { "key": "SC_NUMLOCK", "actionId": "Test", "isSync": true },
        { "key": "SC_NUMPAD_DECIMAL", "actionId": "ActionCloseMacro", "isSync": true }
      ],
      "bands": [
        { "key": "SC_INSERT", "actionId": "HuntBand:OneWay", "isSync": true }
      ]
    }
  ]
}
