﻿{
  "attack1": {
    "key": "VK_Q"
  },
  "attack2": {
    "key": "VK_A"
  },
  "jump": {
    "key": "VK_C"
  },
  "teleport": {
    "key": "VK_S"
  },
  "install1": {
    "key": null,
    "cooldownMs": 0,
    "durationMs": 0,
    "allowOverlap": false
  },
  "install2": {
    "key": null,
    "cooldownMs": 0,
    "durationMs": 0,
    "allowOverlap": false
  },
  "install3": {
    "key": null,
    "cooldownMs": 0,
    "durationMs": 0,
    "allowOverlap": false
  },
  "install4": {
    "key": null,
    "cooldownMs": 0,
    "durationMs": 0,
    "allowOverlap": false
  },
  "all1": {
    "key": null,
    "cooldownMs": 0
  },
  "all2": {
    "key": null,
    "cooldownMs": 0
  },
  "all3": {
    "key": null,
    "cooldownMs": 0
  },
  "all4": {
    "key": null,
    "cooldownMs": 0
  }
}
