﻿{
  "attack1": "VK_A",
  "attack2": "VK_Q",
  "jump": "VK_C",
  "teleport": "VK_S",
  "install1": {
    "key": "",
    "cooldownMs": 0,
    "durationMs": 0,
    "allowOverlap": false
  },
  "install2": {
    "key": "",
    "cooldownMs": 0,
    "durationMs": 0,
    "allowOverlap": false
  },
  "install3": {
    "key": "",
    "cooldownMs": 0,
    "durationMs": 0,
    "allowOverlap": false
  },
  "install4": {
    "key": "",
    "cooldownMs": 0,
    "durationMs": 0,
    "allowOverlap": false
  },
  "all1": {
    "key": "VK_W",
    "cooldownMs": 3000
  },
  "all2": {
    "key": "",
    "cooldownMs": 0
  },
  "all3": {
    "key": "",
    "cooldownMs": 0
  },
  "all4": {
    "key": "",
    "cooldownMs": 0
  }
}
