﻿{
  "attack1": {
    "key": "VK_A"
  },
  "attack2": {
    "key": "VK_Q"
  },
  "jump": {
    "key": "VK_C"
  },
  "teleport": {
    "key": "VK_S"
  },
  "petFeed": {
    "key": "VK_3"
  },
  "install1": {
    "key": null,
    "cooldownMs": 0,
    "durationMs": 0,
    "afterDelayMs": 0,
    "allowOverlap": false
  },
  "install2": {
    "key": null,
    "cooldownMs": 0,
    "durationMs": 0,
    "afterDelayMs": 0,
    "allowOverlap": false
  },
  "install3": {
    "key": null,
    "cooldownMs": 0,
    "durationMs": 0,
    "afterDelayMs": 0,
    "allowOverlap": false
  },
  "install4": {
    "key": null,
    "cooldownMs": 0,
    "durationMs": 0,
    "afterDelayMs": 0,
    "allowOverlap": false
  },
  "entire1": {
    "key": null,
    "cooldownMs": 0,
    "afterDelayMs": 0
  },
  "entire2": {
    "key": null,
    "cooldownMs": 0,
    "afterDelayMs": 0
  },
  "entire3": {
    "key": null,
    "cooldownMs": 0,
    "afterDelayMs": 0
  },
  "entire4": {
    "key": null,
    "cooldownMs": 0,
    "afterDelayMs": 0
  }
}
