﻿{
  "T1": {
    "shader": "SqDiffNormed",
    "scoreThreshold": 0.97,
    "edgeThreshold": 0.97,
    "colorPenalty": 0.0,
    "whitePenalty": 0.0,
    "satAdjust": 0.0,
    "huePenalty": 0.0,
    "abPenalty": 0.0,
    "useEdgeGuard": false,
    "baselineMargin": 0.0,
    "cooldownMs": 0,
    "colorWeightHue": 0.0,
    "colorWeightSat": 0.0,
    "colorWeightL": 0.0,
    "colorWeightAb": 0.0,
    "satAdjustGain": 0.0,
    "satAdjustClamp": 0.0,
    "whiteSatMax": 0.0,
    "whiteValMin": 0.0,
    "whiteBlockMargin": 0.0
  },
  "T2": {
    "shader": "SqDiff",
    "scoreThreshold": 0.965,
    "edgeThreshold": 0.965,
    "colorPenalty": 0.0,
    "whitePenalty": 0.0,
    "satAdjust": 0.0,
    "huePenalty": 0.0,
    "abPenalty": 0.0,
    "useEdgeGuard": false,
    "baselineMargin": 0.0,
    "cooldownMs": 1000,
    "colorWeightHue": 0.0,
    "colorWeightSat": 0.0,
    "colorWeightL": 0.0,
    "colorWeightAb": 0.0,
    "satAdjustGain": 0.0,
    "satAdjustClamp": 0.0,
    "whiteSatMax": 0.0,
    "whiteValMin": 0.0,
    "whiteBlockMargin": 0.0
  },
  "T3": {
    "shader": "MatchSqDiff16",
    "scoreThreshold": 0.975,
    "edgeThreshold": 0.975,
    "colorPenalty": 0.0,
    "satAdjust": 0.0,
    "huePenalty": 0.0,
    "abPenalty": 0.0,
    "useEdgeGuard": true,
    "baselineMargin": 0.03,
    "cooldownMs": 1000,
    "colorWeightHue": 0.08,
    "colorWeightSat": 0.08,
    "colorWeightL": 0.06,
    "colorWeightAb": 0.04,
    "satAdjustGain": 0.12,
    "satAdjustClamp": 0.05,
    "whiteSatMax": 35.0,
    "whiteValMin": 215.0,
    "whitePenalty": 0.02,
    "whiteBlockMargin": 0.01,
    "baselineScoreLow": 0.7,
    "baselineAdjHigh": 0.25,
    "baselineBaseCoeff": 0.15,
    "baselineAdjCoeff": 0.15,
    "baselinePenaltyMax": 0.06,
    "baselineIdealMin": 0.12,
    "baselineIdealMax": 0.15,
    "colorDHWeight": 0.0,
    "colorDSWeight": 0.0,
    "colorDVWeight": 0.0,
    "colorGamma": 1.0,
    "x": 550,
    "y": 160,
    "width": 560,
    "height": 700
  }
}

