﻿{
  "T1": {
    "Shader": "SqDiffNormed",
    "ScoreThreshold": 0.97,
    "EdgeThreshold": 0.97,
    "ColorPenalty": 0.0,
    "WhitePenalty": 0.0,
    "SatAdjust": 0.0,
    "HuePenalty": 0.0,
    "AbPenalty": 0.0,
    "UseEdgeGuard": false,
    "BaselineMargin": 0.0,
    "CooldownMs": 20,
    "ColorWeightHue": 0.0,
    "ColorWeightSat": 0.0,
    "ColorWeightL": 0.0,
    "ColorWeightAb": 0.0,
    "SatAdjustGain": 0.0,
    "SatAdjustClamp": 0.0,
    "WhiteSatMax": 0.0,
    "WhiteValMin": 0.0,
    "WhiteBlockMargin": 0.0
  },
  "T2": {
    "Shader": "SqDiff",
    "ScoreThreshold": 0.97,
    "EdgeThreshold": 0.97,
    "ColorPenalty": 0.0,
    "WhitePenalty": 0.0,
    "SatAdjust": 0.0,
    "HuePenalty": 0.0,
    "AbPenalty": 0.0,
    "UseEdgeGuard": false,
    "BaselineMargin": 0.0,
    "CooldownMs": 1000,
    "ColorWeightHue": 0.0,
    "ColorWeightSat": 0.0,
    "ColorWeightL": 0.0,
    "ColorWeightAb": 0.0,
    "SatAdjustGain": 0.0,
    "SatAdjustClamp": 0.0,
    "WhiteSatMax": 0.0,
    "WhiteValMin": 0.0,
    "WhiteBlockMargin": 0.0
  },
  "T3": {
    "Shader": "MatchSqDiff16",
    "ScoreThreshold": 0.90,
    "EdgeThreshold": 0.90,
    "ColorPenalty": 0.0,
    "SatAdjust": 0.0,
    "HuePenalty": 0.0,
    "AbPenalty": 0.0,
    "UseEdgeGuard": false,
    "BaselineMargin": 0.03,
    "CooldownMs": 1000,
    "ColorWeightHue": 0.08,
    "ColorWeightSat": 0.08,
    "ColorWeightL": 0.06,
    "ColorWeightAb": 0.04,
    "SatAdjustGain": 0.12,
    "SatAdjustClamp": 0.05,
    "WhiteSatMax": 35.0,
    "WhiteValMin": 215.0,
    "WhitePenalty": 0.02,
    "WhiteBlockMargin": 0.01,
    "BaselineScoreLow": 0.7,
    "BaselineAdjHigh": 0.25,
    "BaselineBaseCoeff": 0.15,
    "BaselineAdjCoeff": 0.15,
    "BaselinePenaltyMax": 0.06,
    "ColorDHWeight": 0.0,
    "ColorDSWeight": 0.0,
    "ColorDVWeight": 0.0,
    "ColorGamma": 1.0,
    "X": 550,
    "Y": 160,
    "Width": 560,
    "Height": 700
  }
}
