{
  "ui.status.rest": "휴식 시간",
  "ui.ok": "확인",
  "ui.cancel": "취소",

  "rule.rest.ended": "휴식 시간이 끝났습니다. 5~7분 휴식 알람입니다.",
  "rule.notInitialized": "[RuleWorker] 아직 초기화되지 않았습니다.",
  "rule.alarmMode": "[Rule] 알람 모드: {0}",
  "rule.alarmMode.on": "활성화",
  "rule.alarmMode.off": "비활성화",
  "rule.windowInactive": "게임 창이 비활성화되었습니다",
  "rule.stopAsync.called": "[Rule] StopAsync 호출 (name={0})",
  "rule.windowSummary": "age={0}ms / 윈도우 {1}ms, Stop={2}",
  "rule.runTimer.set": "[Rule] 실행 타이머 설정: {0}",
  "rule.autoHuntEnded": "자동 사냥 타이머가 종료되었습니다.",

  "macro.search.start": "캐릭터 찾기 모드를 시작합니다.",
  "macro.search.start.noMove": "캐릭터가 {0}초 동안 이동하지 않아 캐릭터 찾기 모드를 시작합니다.",
  "macro.search.timeout.stop": "[MacroController/SearchTimeout] 캐릭터 찾기 모드가 {0}초 동안 지속되어 매크로를 종료합니다.",

  "hunt.sameBand.stop": "[Hunt] 같은 밴드('{0}') 상태가 {1}s 이상 지속되어 매크로를 중단합니다.",

  "input.sendinput.failed": "[InputHelper] SendInput 실패 (err={0})",

  "msw.guard.invalid.short": "msw.exe 클라이언트 크기가 1600x900이 아닙니다 (현재 {0}x{1}).",
  "msw.guard.missing.short": "msw.exe 창(클라이언트)을 찾을 수 없거나 크기를 읽을 수 없습니다.",
  "msw.guard.invalid.withHint": "msw.exe 클라이언트 크기가 1600x900이 아닙니다 (현재 {0}x{1}). Hits 메뉴의 1600x900 버튼으로 맞춘 뒤 다시 실행하세요.",
  "msw.guard.missing.withHint": "msw.exe 창(클라이언트)을 찾을 수 없거나 크기를 읽을 수 없습니다. Hits 메뉴의 1600x900 버튼으로 맞춘 뒤 다시 실행하세요.",

  "password.title": "실행 비밀번호",
  "password.invalid": "비밀번호가 올바르지 않습니다.",
  "password.prompt.title": "실행 비밀번호",
  "password.prompt.label": "비밀번호를 입력하세요:",

  "update.title": "업데이트",
  "update.prompt": "새 버전 {0} 이(가) 있습니다.\n지금 업데이트할까요?",
  "update.notes": "\n\n변경사항:\n{0}",
  "update.failed": "[Update] 실패: {0}",
  "update.integrityFailed": "업데이트 파일 무결성 검증 실패",
  "update.updaterRunFailed": "업데이터를 실행하지 못했습니다. 나중에 다시 시도해 주세요.",
  "update.updaterRunFailed.title": "업데이터 오류",

  "ui.none": "없음",
  "macro.band.display": "[밴드] {0}",

  "app.alreadyRunning": "이미 CGPMAMV1이 실행 중입니다.",
  "app.alreadyRunning.title": "중복 실행",
  "app.residualProcesses.prompt": "다음 프로세스를 종료한 후 다시 실행해 주세요:\n{0}\n\n자동으로 종료할까요?",
  "app.residualProcesses.title": "잔여 프로세스",

  "updateCheck.title": "업데이트 확인",
  "updateCheck.loading": "업데이트 확인 중입니다...\r\n잠시만 기다려 주세요.",
  "updateCheck.error": "업데이트 확인 중 문제가 발생했습니다.\n{0}",

  "bandsEditor.title": "밴드 좌표 편집",
  "bandsEditor.col.portalCx.optional": "PortalCx(옵션)",
  "bandsEditor.col.portalCy.optional": "PortalCy(옵션)",
  "bandsEditor.btn.addRow": "행 추가",
  "bandsEditor.btn.removeRow": "행 삭제",
  "bandsEditor.btn.apply": "적용",
  "bandsEditor.validation.yMax": "YMax는 YMin 이상이어야 합니다.",
  "bandsEditor.validation.maxCx": "MaxCx는 MinCx 이상이어야 합니다.",

  "macro.display.testRun": "[002]#####테스트 실행#####",
  "macro.display.sellItemStart": "[001]아이템 판매 시작",
  "macro.display.ocrCopy": "[001]아이템 이름 복사 (OCR 캡처)",
  "macro.display.paste": "[001]클립보드 붙여넣기 (Ctrl+V)",
  "macro.display.questHunt": "[002] 퀘스트용 사냥 실행",
  "macro.display.defaultHunt": "[000] 기본 사냥 실행",
  "macro.display.stopMacro": "[001]매크로 종료",
  "macro.display.holdBoundKeyToggle": "[001]바인딩 키 홀드 (토글)",
  "macro.display.characterCoordDiag": "[001]캐릭터 좌표 확인용",
  "macro.display.dropItem": "[001]아이템 버리기",

  "macro.ocr.copied": "OCR 결과를 복사했습니다.",

  "bands.defaultMissing": "[Bands] 기본 밴드를 찾을 수 없습니다. Bands 탭에서 기본 밴드를 선택/저장해 주세요.",
  "bands.defaultActionMissing": "[Bands] 기본 밴드 액션을 찾을 수 없습니다: {0}",
  "bands.defaultActionRun": "[Bands] 기본 밴드 액션 실행: {0}",
  "bands.defaultRunFailed": "[Bands] 기본 밴드 실행 실패: {0}",

  "bindings.preferredBand.missing": "[Bindings] 저장된 기본 밴드를 찾을 수 없습니다: {0} (resolved={1})",

  "ui.tab.all": "전체",
  "ui.tab.status": "상태",
  "ui.tab.macro": "매크로",
  "ui.tab.alarm": "알람",
  "ui.tooltip.dxgiStatus": "DXGI 상태",
  "ui.defaultValueSuffix": " (기본값: {0})",
  "ui.huntTime": "사냥 시간: {0}",
  "ui.btn.applyDefaultSync": "Default Sync 적용",
  "ui.btn.saveDefaultBand": "기본 밴드 저장",
  "ui.chk.useSyncCoords": "Sync 좌표 사용",
  "ui.btn.applySync": "Sync 적용",

  "buffProfile.error.save": "프로필 저장 중 오류가 발생했습니다.\n{0}",
  "buffProfile.nameRequired": "프로필 이름을 입력해주세요.",
  "buffProfile.error.saveProfile": "프로필을 저장하는 중 오류가 발생했습니다.\n{0}",
  "buffProfile.deleteConfirm": "프로필 '{0}'을 삭제할까요?\n삭제 후 되돌릴 수 없습니다.",
  "buffProfile.error.delete": "프로필을 삭제하는 중 오류가 발생했습니다.\n{0}",
  "buffProfile.error.reload": "프로필을 다시 불러오는 중 오류가 발생했습니다.\n{0}",

  "bandProfile.nameRequired": "밴드 프로필 이름을 입력해주세요.",
  "bandProfile.validation.yMax": "YMax는 YMin보다 크거나 같아야 합니다.",
  "bandProfile.validation.maxCx": "MaxCx는 MinCx보다 크거나 같아야 합니다.",
  "bandProfile.saved": "밴드 프로필 '{0}'을 저장했습니다.",
  "bandProfile.error.save": "밴드 프로필을 저장하는 중 오류가 발생했습니다.\n{0}",

  "bandSync.needCoords": "밴드 프로필의 SYNC 좌표를 먼저 입력해주세요.",
  "bandSync.noRecentHit": "최근 {0} 히트 결과를 찾을 수 없습니다. 이미지 서치가 성공한 직후에 다시 시도해주세요.",
  "bandSync.error.saveOffset": "오프셋 저장 중 오류가 발생했습니다.\n{0}",
  "bandSync.offsetUpdated": "T1 오프셋을 ({0}, {1})로 갱신했습니다.",

  "bands.defaultNotSelected": "[Bands] 기본 밴드가 선택되지 않았습니다.",
  "bands.defaultSaved": "[Bands] 기본 밴드 저장: {0}",
  "bands.defaultSaved.ui": "기본 밴드가 '{0}'(으)로 저장되었습니다.",
  "bands.defaultSaved.title": "기본 밴드 저장",

  "hits.defaultBandNotSet": "[Hits] 기본 밴드가 설정되지 않았습니다.",
  "hits.defaultBandLoadFail": "[Hits] 기본 밴드 '{0}'를 불러올 수 없습니다.",
  "hits.defaultBandSyncNotSet": "기본 밴드 '{0}'에 SYNC_X/SYNC_Y가 설정되어 있지 않습니다.",
  "hits.applyDefaultSync.title": "기본 Sync 적용",
  "hits.defaultSyncApplied.ui": "기본 밴드 '{0}' Sync(X={1}, Y={2})에 맞춰 오프셋을 ({3},{4})로 업데이트했습니다.",

  "keys.noAvailableShortcuts": "사용 가능한 단축키가 없습니다. 기존 항목을 정리한 뒤 다시 시도해 주세요.",
  "keys.unassigned": "(미지정)",

  "hunt.profile.notFound": "지정한 헌트 프로필을 찾을 수 없습니다: {0}"
}
