{
  "NAME": "EastRoad",
  "DISPLAY_NAME": "이스트로드 사냥터",
  "MARGIN": 10,
  "COORD_GROUPS": [
    { "KEY": "GRP_4F",  "Y_MIN": 142, "Y_MAX": 153, "MIN_CX": 109, "MAX_CX": 178, "PORTAL_CX": 0,   "PORTAL_CY": 0 },
    { "KEY": "GRP_3F",  "Y_MIN": 175, "Y_MAX": 186, "MIN_CX": 139, "MAX_CX": 178, "PORTAL_CX": 0,   "PORTAL_CY": 0 },
    { "KEY": "GRP_25F", "Y_MIN": 194, "Y_MAX": 252, "MIN_CX": 109, "MAX_CX": 178, "PORTAL_CX": 0,   "PORTAL_CY": 0 },
    { "KEY": "GRP_2F",  "Y_MIN": 261, "Y_MAX": 272, "MIN_CX": 109, "MAX_CX": 178, "PORTAL_CX": 0,   "PORTAL_CY": 0 },
    { "KEY": "GRP_1F",  "Y_MIN": 294, "Y_MAX": 305, "MIN_CX": 109, "MAX_CX": 178, "PORTAL_CX": 175, "PORTAL_CY": 0 }
  ],
  "BANDS": [
    {
      "NAME": "4층",
      "COORD_KEY": "GRP_4F",
      "Y_MIN": 142,
      "Y_MAX": 153,
      "MIN_CX": 109,
      "MAX_CX": 178,
      "PORTAL_CX": 0,
      "DOWN_VALID_CY": 170,
      "COMMANDS": [
        "MoveLeft",
        "MoveRight",
        "Down"
      ]
    },
    {
      "NAME": "3층",
      "COORD_KEY": "GRP_3F",
      "Y_MIN": 175,
      "Y_MAX": 186,
      "MIN_CX": 139,
      "MAX_CX": 178,
      "PORTAL_CX": 0,
      "DOWN_VALID_CY": 250,
      "COMMANDS": [
        "MoveRight",
        "MoveLeft",
        "Down"
      ]
    },
    {
      "NAME": "2.5층",
      "COORD_KEY": "GRP_25F",
      "Y_MIN": 194,
      "Y_MAX": 252,
      "MIN_CX": 109,
      "MAX_CX": 178,
      "PORTAL_CX": 0,
      "COMMANDS": [
        "Down"
      ]
    },
    {
      "NAME": "2층",
      "COORD_KEY": "GRP_2F",
      "Y_MIN": 261,
      "Y_MAX": 272,
      "MIN_CX": 109,
      "MAX_CX": 178,
      "PORTAL_CX": 0,
      "DOWN_VALID_CY": 280,
      "COMMANDS": [
        "MoveRight",
        "MoveLeft",
        "Down"
      ]
    },
    {
      "NAME": "1층",
      "COORD_KEY": "GRP_1F",
      "Y_MIN": 294,
      "Y_MAX": 305,
      "MIN_CX": 109,
      "MAX_CX": 178,
      "PORTAL_CX": 175,
      "COMMANDS": [
        "MoveLeft",
        "MoveRight",
        "Portal"
      ]
    }
  ]
}
