{
  "NAME": "MemoryLane1",
  "DISPLAY_NAME": "[150] 타임로드 : 추억의 길1",
  "MARGIN": 10,
  "SYNC_X": 37,
  "SYNC_Y": 285,
  "COORD_GROUPS": [
    {
      "KEY": "GRP_3F",
      "Y_MIN": 194,
      "Y_MAX": 216,
      "MIN_CX": 37,
      "MAX_CX": 252
    }
  ],
  "BANDS": [
    {
      "NAME": "4F_L",
      "Y_MIN": 174,
      "Y_MAX": 185,
      "MIN_CX": 37,
      "MAX_CX": 121,
      "PORTAL_CX": 1,
      "COMMANDS": [
        "MoveLeft",
        "MoveRight",
        "Down"
      ]
    },
    {
      "NAME": "4F_R",
      "Y_MIN": 174,
      "Y_MAX": 185,
      "MIN_CX": 189,
      "MAX_CX": 252,
      "PORTAL_CX": 1,
      "DOWN_VALID_CY": 221,
      "COMMANDS": [
        "MoveLeft",
        "MoveRight",
        "Down"
      ]
    },
    {
      "COORD_KEY": "GRP_3F",
      "COORD_INDEX": 1,
      "NAME": "3F_L",
      "Y_MIN": 194,
      "Y_MAX": 216,
      "MIN_CX": 110,
      "MAX_CX": 179,
      "PORTAL_CX": 59,
      "COMMANDS": [
        "MoveLeft",
        "TeleportUp"
      ]
    },
    {
      "COORD_KEY": "GRP_3F",
      "COORD_INDEX": 2,
      "NAME": "3F_R",
      "Y_MIN": 206,
      "Y_MAX": 217,
      "MIN_CX": 37,
      "MAX_CX": 252,
      "PORTAL_CX": 221,
      "COMMANDS": [
        "MoveRight",
        "TeleportUp"
      ]
    },
    {
      "NAME": "2F-L",
      "Y_MIN": 230,
      "Y_MAX": 252,
      "MIN_CX": 37,
      "MAX_CX": 121,
      "PORTAL_CX": 111,
      "COMMANDS": [
        "MoveLeft",
        "MoveRight",
        "TeleportUp"
      ]
    },
    {
      "NAME": "2F-R",
      "Y_MIN": 230,
      "Y_MAX": 252,
      "MIN_CX": 189,
      "MAX_CX": 252,
      "PORTAL_CX": 1,
      "COMMANDS": [
        "MoveRight",
        "MoveLeft",
        "Down"
      ]
    },
    {
      "NAME": "1층",
      "Y_MIN": 262,
      "Y_MAX": 285,
      "MIN_CX": 37,
      "MAX_CX": 252,
      "PORTAL_CX": 95,
      "COMMANDS": [
        "MoveRight",
        "MoveLeft",
        "TeleportUp"
      ]
    }
  ]
}
