﻿{
  "NAME": "MemoryLane3",
  "DISPLAY_NAME": "타임로드 : 추억의 길3",
  "MARGIN": 10,
  "COORD_GROUPS": [
    {
      "KEY": "GRP_3F",
      "Y_MIN": 163,
      "Y_MAX": 185,
      "MIN_CX": 36,
      "MAX_CX": 251
    }
  ],
  "BANDS": [
    {
      "NAME": "4F",
      "Y_MIN": 143,
      "Y_MAX": 154,
      "MIN_CX": 85,
      "MAX_CX": 214,
      "PORTAL_CX": 0,
      "DOWN_MIN_CX": 155,
      "DOWN_VALID_CY": 214,
      "COMMANDS": [
        "MoveRight",
        "MoveLeft",
        "Down"
      ]
    },
    {
      "NAME": "3F",
      "Y_MIN": 163,
      "Y_MAX": 185,
      "MIN_CX": 36,
      "MAX_CX": 251,
      "PORTAL_CX": 184,
      "COMMANDS": [
        "MoveLeft",
        "MoveRight",
        "TeleportUp"
      ]
    },
    {
      "NAME": "2F_L",
      "Y_MIN": 199,
      "Y_MAX": 221,
      "MIN_CX": 36,
      "MAX_CX": 90,
      "PORTAL_CX": 58,
      "COMMANDS": [
        "MoveRight",
        "MoveLeft",
        "TeleportUp"
      ]
    },
    {
      "NAME": "2F_R",
      "Y_MIN": 199,
      "Y_MAX": 221,
      "MIN_CX": 139,
      "MAX_CX": 251,
      "PORTAL_CX": 0,
      "COMMANDS": [
        "MoveLeft",
        "MoveRight",
        "DOWN"
      ]
    },
    {
      "NAME": "1층",
      "Y_MIN": 231,
      "Y_MAX": 254,
      "MIN_CX": 36,
      "MAX_CX": 251,
      "PORTAL_CX": 82,
      "COMMANDS": [
        "MoveRight",
        "MoveLeft",
        "TeleportUp"
      ]
    }
  ]
}
