﻿{
  "NAME": "RoadOfRegrets3",
  "DISPLAY_NAME": "타임로드 : 후회의 길3",

  "COORD_GROUPS": [
    {
      "KEY": "GRP_3F",
      "Y_MIN": 163,
      "Y_MAX": 185,
      "MIN_CX": 36,
      "MAX_CX": 251
    }
  ],
  "BANDS": [
    {
      "NAME": "4F",
      "Y_MIN": 143,
      "Y_MAX": 154,
      "MIN_CX": 36,
      "MAX_CX": 152,
      "PORTAL_CX": 0,
      "DOWN_VALID_CY": 230,
      "COMMANDS": [
        "MoveRight",
        "MoveLeft",
        "Down"
      ]
    },
    {
      "NAME": "3F",
      "Y_MIN": 163,
      "Y_MAX": 185,
      "MIN_CX": 36,
      "MAX_CX": 251,
      "PORTAL_CX": 149,
      "PORTAL_MAX_Y": 178,
      "COMMANDS": [
        "MoveLeft",
        "MoveRight",
        "TeleportUp"
      ]
    },
    {
      "NAME": "2F",
      "Y_MIN": 199,
      "Y_MAX": 221,
      "MIN_CX": 36,
      "MAX_CX": 210,
      "PORTAL_CX": 80,
      "COMMANDS": [
        "MoveRight",
        "MoveLeft",
        "TeleportUp"
      ]
    },
    {
      "NAME": "1F",
      "Y_MIN": 231,
      "Y_MAX": 254,
      "MIN_CX": 36,
      "MAX_CX": 251,
      "PORTAL_CX": 186,
      "COMMANDS": [
        "MoveLeft",
        "MoveRight",
        "TeleportUp"
      ]
    }
  ]
}