{
  "NAME": "RoyalCactusDesert",
  "DISPLAY_NAME": "로얄 카투스 사막",
  "MARGIN": 5,
  "BANDS": [
    {
      "NAME": "Band1",
      "Y_MIN": 162,
      "Y_MAX": 172,
      "MIN_CX": 72,
      "MAX_CX": 214,
      "PORTAL_CX": 0,
      "PORTAL_CY": 0,
      "COMMANDS": [
        "MoveRight",
        "MoveLeft"
      ],
      "IDLE_TIMEOUT_MS": null,
      "HUNT_BREAK_TOLERANCE_X": 20,
      "HUNT_END_TOLERANCE_X": 30,
      "T1_MOVE_THRESHOLD": 20,
      "ALLOW_MIN_CX": 0,
      "ALLOW_MAX_CX": 0,
      "DOWN_MIN_CX": null,
      "DOWN_MAX_CX": null
    },
    {
      "NAME": "Band2",
      "Y_MIN": 140,
      "Y_MAX": 161,
      "MIN_CX": 27,
      "MAX_CX": 258,
      "PORTAL_CX": 0,
      "PORTAL_CY": 0,
      "COMMANDS": [
        "Down"
      ],
      "IDLE_TIMEOUT_MS": null,
      "HUNT_BREAK_TOLERANCE_X": null,
      "HUNT_END_TOLERANCE_X": null,
      "T1_MOVE_THRESHOLD": null,
      "ALLOW_MIN_CX": null,
      "ALLOW_MAX_CX": null,
      "DOWN_MIN_CX": null,
      "DOWN_MAX_CX": null
    }
  ]
}