﻿{
  "NAME": "TallCastleWalls1",
  "DISPLAY_NAME": "사자왕의성 : 높은 성벽 1",
  "MARGIN": 5,
  "BANDS": [
    {
      "NAME": "2층",
      "MIN_CX": 100,
      "MAX_CX": 190,
      "Y_MIN": 217,
      "Y_MAX": 228,
      "PORTAL_CX": 0,
      "COMMANDS": [
        "MoveRight",
        "MoveLeft",
        "DownLeft"
      ]
    },
    {
      "NAME": "1층",
      "MIN_CX": 90,
      "MAX_CX": 200,
      "Y_MIN": 233,
      "Y_MAX": 255,
      "ALLOW_MIN_CX": 52,
      "ALLOW_MAX_CX": 237,
      "PORTAL_CX": 180,
      "PORTAL_CY": 250,
      "COMMANDS": [
        "MoveLeft",
        "MoveRight",
        "TeleportUp"
      ]
    }
  ]
}