﻿{
  "NAME": "TallCastleWalls1",
  "DISPLAY_NAME": "사자왕의성 : 높은 성벽 1",
  "MARGIN": 5,
  "BANDS": [
    {
      "NAME": "1층",
      "Y_MIN": 245,
      "Y_MAX": 256,
      "MIN_CX": 90,
      "MAX_CX": 200,
      "ALLOW_MIN_CX": 52,
      "ALLOW_MAX_CX": 237,
      "PORTAL_CX": 183,
      "PORTAL_CY": 251,
      "COMMANDS": [
        "MoveLeft",
        "MoveRight",
        "TeleportUp"
      ]
    },
    {
      "NAME": "2층",
      "Y_MIN": 219,
      "Y_MAX": 229,
      "MIN_CX": 98,
      "MAX_CX": 191,
      "PORTAL_CX": 0,
      "COMMANDS": [
        "MoveRight",
        "MoveLeft",
        "DownLeft"
      ]
    }
  ]
}
