{
  "name": "0405F6F_C",
  "displayName": "[040] 커닝 스퀘어 : 5층 6층 C구역",
  "syncX": 25,
  "syncY": 230,
  "bands": [
    {
      "name": "2F",
      "sameBandStopSeconds": 30,
      "commandVariants": [
        [
          {
            "cmd": "move",
            "targetCx": "maxCx",
            "dir": "right"
          },
          {
            "cmd": "attack",
            "targetCx": "minCx",
            "dir": "left"
          },
          {
            "cmd": "down"
          }
        ]
      ],
      "y": {
        "min": 195,
        "max": 200
      },
      "x": {
        "min": 25,
        "max": 270
      }
    },
    {
      "name": "1F",
      "sameBandStopSeconds": 30,
      "commandVariants": [
        [
          {
            "cmd": "attack",
            "targetCx": "maxCx",
            "dir": "right"
          },
          {
            "cmd": "teleport",
            "teleportCx": 225,
            "dir": "up"
          }
        ]
      ],
      "y": {
        "min": 225,
        "max": 230
      },
      "x": {
        "min": 25,
        "max": 270
      }
    }
  ]
}
