{
  "name": "0405F6F_C",
  "displayName": "[040] 커닝 스퀘어 : 5층 6층 C구역",
  "syncX": 25,
  "syncY": 230,
  "bands": [
    {
      "name": "2F",
      "yMin": 195,
      "yMax": 200,
      "minCx": 25,
      "maxCx": 270,
      "portalCx": 0,
      "sameBandStopSeconds": 30,
      "commandVariants": [
        [
          "MoveRight",
          "AttackLeft",
          "Down"
        ]
      ]
    },
    {
      "name": "1F",
      "yMin": 225,
      "yMax": 230,
      "minCx": 25,
      "maxCx": 270,
      "teleportCx": 225,
      "sameBandStopSeconds": 30,
      "commandVariants": [
        [
          "AttackRight",
          "TeleportUp"
        ]
      ]
    }
  ]
}
