﻿{
  "name": "050SilentSwamp",
  "displayName": "[050] 슬리피우드 : 조용한 습지",
  "syncX": 74,
  "syncY": 258,
  "bands": [
    {
      "name": "5층",
      "yMin": 169,
      "yMax": 174,
      "minCx": 179,
      "maxCx": 190,
      "portalCx": 0,
      "commands": [
        "JumpLeft"
      ]
    },
    {
      "name": "4층",
      "yMin": 180,
      "yMax": 185,
      "minCx": 87,
      "maxCx": 181,
      "portalCx": 0,
      "downMinCx": 97,
      "commands": [
        "AttackLeft",
        "Down"
      ]
    },
    {
      "name": "3층",
      "yMin": 208,
      "yMax": 213,
      "minCx": 96,
      "maxCx": 190,
      "allowMaxCx": 219,
      "portalCx": 0,
      "downMaxCx": 180,
      "commands": [
        "AttackRight",
        "Down"
      ]
    },
    {
      "name": "2층",
      "yMin": 230,
      "yMax": 235,
      "minCx": 96,
      "maxCx": 181,
      "downValidCy": 245,
      "portalCx": 0,
      "commands": [
        "AttackLeft",
        "Down"
      ]
    },
    {
      "name": "1층",
      "yMin": 253,
      "yMax": 263,
      "minCx": 100,
      "maxCx": 194,
      "portalCx": 185,
      "allowMinCx": 74,
      "commands": [
        "AttackRight",
        "Portal"
      ]
    }
  ]
}
