{
  "name": "050SilentSwamp",
  "displayName": "[050] 슬리피우드 : 조용한 습지",
  "syncX": 74,
  "syncY": 258,
  "bands": [
    {
      "name": "5층",
      "commandVariants": [
        [
          {
            "cmd": "jump",
            "dir": "left"
          }
        ]
      ],
      "y": {
        "min": 169,
        "max": 174
      },
      "x": {
        "min": 179,
        "max": 190
      }
    },
    {
      "name": "4층",
      "commandVariants": [
        [
          {
            "cmd": "attack",
            "targetCx": "minCx",
            "dir": "left"
          },
          {
            "cmd": "down",
            "downMinCx": 108
          }
        ]
      ],
      "y": {
        "min": 180,
        "max": 185
      },
      "x": {
        "min": 87,
        "max": 181
      }
    },
    {
      "name": "3층",
      "commandVariants": [
        [
          {
            "cmd": "attack",
            "targetCx": "maxCx",
            "dir": "right"
          },
          {
            "cmd": "down",
            "downMaxCx": 168
          }
        ]
      ],
      "y": {
        "min": 208,
        "max": 213
      },
      "x": {
        "min": 96,
        "max": 190
      },
      "allowX": {
        "min": null,
        "max": 219
      }
    },
    {
      "name": "2층",
      "commandVariants": [
        [
          {
            "cmd": "attack",
            "targetCx": "minCx",
            "dir": "left"
          },
          {
            "cmd": "down",
            "downValidCy": 245
          }
        ]
      ],
      "y": {
        "min": 230,
        "max": 235
      },
      "x": {
        "min": 96,
        "max": 181
      }
    },
    {
      "name": "1층",
      "commandVariants": [
        [
          {
            "cmd": "attack",
            "targetCx": "maxCx",
            "dir": "right"
          },
          {
            "cmd": "portal",
            "portalCx": 185
          }
        ]
      ],
      "y": {
        "min": 253,
        "max": 263
      },
      "x": {
        "min": 100,
        "max": 194
      },
      "allowX": {
        "min": 74,
        "max": null
      }
    }
  ]
}
