{
  "name": "060AroundthePond",
  "displayName": "[060] 루더스호수 : 작은 연못가",
  "syncX": 63,
  "syncY": 221,
  "bands": [
    {
      "name": "2F",
      "commandVariants": [
        [
          {
            "cmd": "attack",
            "targetCx": "maxCx",
            "dir": "right"
          },
          {
            "cmd": "down",
            "dir": "right"
          }
        ]
      ],
      "y": {
        "min": 197,
        "max": 213
      },
      "x": {
        "min": 90,
        "max": 182
      }
    },
    {
      "name": "1F",
      "commandVariants": [
        [
          {
            "cmd": "attack",
            "targetCx": "maxCx",
            "dir": "right"
          },
          {
            "cmd": "attack",
            "targetCx": "minCx",
            "dir": "left"
          },
          {
            "cmd": "teleport",
            "teleportCx": 113,
            "dir": "up"
          },
        ]
      ],
      "y": {
        "min": 216,
        "max": 221
      },
      "x": {
        "min": 63,
        "max": 231
      },
      "sameBandStopSeconds": 30,
    }
  ]
}
