{
  "name": "060FoxRidgeFlash",
  "displayName": "[060] 루더스 호수 : 여우 고개",
  "syncX": 49,
  "syncY": 230,
  "bands": [
    {
      "name": "2F",
      "commandVariants": [
        [
          {
            "cmd": "attack",
            "targetCx": "minCx",
            "dir": "left"
          },
          {
            "cmd": "down"
          }
        ]
      ],
      "y": {
        "min": 197,
        "max": 207
      },
      "x": {
        "min": 49,
        "max": 189
      }
    },
    {
      "name": "1F",
      "sameBandStopSeconds": 30,
      "commandVariants": [
        [
          {
            "cmd": "attack",
            "targetCx": "maxCx",
            "dir": "right"
          },
          {
            "cmd": "portal",
            "portalCx": 200
          }
        ]
      ],
      "y": {
        "min": 225,
        "max": 230
      },
      "x": {
        "min": 49,
        "max": 244
      }
    }
  ]
}
