{
  "name": "060FoxRidgeFlash",
  "displayName": "[060] 루더스 호수 : 여우 고개",
  "syncX": 49,
  "syncY": 230,
  "bands": [
    {
      "name": "2F",
      "yMin": 197,
      "yMax": 207,
      "minCx": 49,
      "maxCx": 189,
      "portalCx": 0,
      "commands": [
        "AttackLeft",
        "Down"
      ]
    },
    {
      "name": "1F",
      "yMin": 225,
      "yMax": 230,
      "minCx": 49,
      "maxCx": 244,
      "portalCx": 200,
      "sameBandStopSeconds": 30,
      "commands": [
        "AttackRight",
        "Portal"
      ]
    }
  ]
}
