{
  "name": "070CatusDesert2",
  "displayName": "[070] 버닝로드 : 선인장 사막2",
  "syncX": 74,
  "syncY": 225,
  "bands": [
    {
      "name": "2F",
      "commandVariants": [
        [
          {
            "cmd": "attack",
            "targetCx": "maxCx",
            "dir": "right"
          },
          {
            "cmd": "jump",
            "dir": "right"
          }
        ]
      ],
      "y": {
        "min": 189,
        "max": 194
      },
      "x": {
        "min": 49,
        "max": 187
      }
    },
    {
      "name": "1F",
      "commandVariants": [
        [
          {
            "cmd": "attack",
            "targetCx": "minCx",
            "dir": "left"
          },
          {
            "cmd": "rope",
            "ropeCx": 88,
            "ropeTargetCy": 194,
            "dir": "up"
          }
        ]
      ],
      "y": {
        "min": 220,
        "max": 225
      },
      "x": {
        "min": 74,
        "max": 219
      }
    }
  ]
}
