{
  "name": "070CatusDesert2Kanna",
  "displayName": "[070] 버닝로드 : 선인장 사막2(칸나)",
  "syncX": 74,
  "syncY": 225,
  "bands": [
    {
      "name": "2F",
      "yMin": 189,
      "yMax": 194,
      "minCx": 49,
      "maxCx": 187,
      "portalCx": 0,
      "commandVariants": [
        [
          "AttackRight",
          "JumpRight"
        ]
      ]
    },
    {
      "name": "1F",
      "yMin": 220,
      "yMax": 225,
      "minCx": 74,
      "maxCx": 219,
      "teleportCx": 95,
      "commandVariants": [
        [
          "AttackLeft",
          "TeleportUp"
        ]
      ]
    }
  ]
}
