{
  "name": "070CatusDesert2",
  "displayName": "[070] 버닝로드 : 선인장 사막2",
  "syncX": 74,
  "syncY": 225,
  "bands": [
    {
      "name": "2F",
      "yMin": 189,
      "yMax": 194,
      "minCx": 49,
      "maxCx": 187,
      "portalCx": 0,
      "commands": [
        "AttackRight",
        "JumpRight"
      ]
    },
    {
      "name": "1F",
      "yMin": 220,
      "yMax": 225,
      "minCx": 74,
      "maxCx": 219,
      "ropeCx": 88,
      "ropeTargetCy": 194,
      "commands": [
        "AttackLeft",
        "RopeUp"
      ]
    }
  ]
}
