﻿{
  "name": "070RoyalCactusDesert",
  "displayName": "[070] 로얄 카투스 사막",
  "bands": [
    {
      "name": "Band1",
      "idleTimeoutMs": null,
      "huntBreakToleranceX": 20,
      "huntEndToleranceX": 30,
      "t1MoveThreshold": 20,
      "commandVariants": [
        [
          {
            "cmd": "attack",
            "targetCx": "maxCx",
            "dir": "right"
          },
          {
            "cmd": "attack",
            "targetCx": "minCx",
            "dir": "left"
          }
        ]
      ],
      "y": {
        "min": 162,
        "max": 172
      },
      "x": {
        "min": 72,
        "max": 214
      },
      "allowX": {
        "min": 0,
        "max": 0
      }
    },
    {
      "name": "Band2",
      "idleTimeoutMs": null,
      "huntBreakToleranceX": null,
      "huntEndToleranceX": null,
      "t1MoveThreshold": null,
      "commandVariants": [
        [
          {
            "cmd": "down"
          }
        ]
      ],
      "y": {
        "min": 140,
        "max": 161
      },
      "x": {
        "min": 27,
        "max": 258
      }
    }
  ]
}
