﻿{
  "name": "080LabAreaC1",
  "displayName": "[080] 연구소 C-1",
  "bands": [
    {
      "name": "Band1",
      "idleTimeoutMs": null,
      "huntBreakToleranceX": 20,
      "huntEndToleranceX": 30,
      "t1MoveThreshold": 20,
      "commandVariants": [
        [
          {
            "cmd": "attack",
            "targetCx": "maxCx",
            "dir": "right"
          },
          {
            "cmd": "attack",
            "targetCx": "minCx",
            "dir": "left"
          }
        ]
      ],
      "y": {
        "min": 156,
        "max": 166
      },
      "x": {
        "min": 71,
        "max": 214
      },
      "allowX": {
        "min": 0,
        "max": 0
      }
    },
    {
      "name": "Band2",
      "idleTimeoutMs": null,
      "huntBreakToleranceX": null,
      "huntEndToleranceX": null,
      "t1MoveThreshold": null,
      "commandVariants": [
        [
          {
            "cmd": "down"
          }
        ]
      ],
      "y": {
        "min": 140,
        "max": 155
      },
      "x": {
        "min": 71,
        "max": 241
      }
    }
  ]
}
