{
  "name": "080PracticeFieldEasyLevel",
  "displayName": "[080] 무릉사원 : 하급 수련장",
  "syncX": 52,
  "syncY": 217,
  "bands": [
    {
      "name": "2F",
      "commandVariants": [
        [
          {
            "cmd": "attack",
            "targetCx": "minCx",
            "dir": "left"
          },
          {
            "cmd": "jump",
            "dir": "left"
          }
        ],
        [
          {
            "cmd": "attack",
            "targetCx": "minCx",
            "dir": "left"
          },
          {
            "cmd": "down",
            "dir": "left"
          }
        ]
      ],
      "y": {
        "min": 187,
        "max": 192
      },
      "x": {
        "min": 81,
        "max": 241
      }
    },
    {
      "name": "1F",
      "commandVariants": [
        [
          {
            "cmd": "attack",
            "targetCx": "maxCx",
            "dir": "right"
          },
          {
            "cmd": "teleport",
            "teleportCx": 180,
            "dir": "up"
          }
        ]
      ],
      "y": {
        "min": 212,
        "max": 217
      },
      "x": {
        "min": 52,
        "max": 241
      }
    }
  ]
}
