{
  "name": "080PracticeFieldEasyLevel",
  "displayName": "[080] 무릉사원 : 하급 수련장",
  "syncX": 52,
  "syncY": 217,
  "bands": [
    {
      "name": "2F",
      "yMin": 187,
      "yMax": 192,
      "minCx": 81,
      "maxCx": 241,
      "portalCx": 0,
      "commandVariants": [
        [
          "AttackLeft",
          "JumpLeft"
        ],
        [
          "AttackLeft",
          "DownLeft"
        ]
      ]
    },
    {
      "name": "1F",
      "yMin": 212,
      "yMax": 217,
      "minCx": 52,
      "maxCx": 241,
      "teleportCx": 180,
      "commandVariants": [
        [
          "AttackRight",
          "TeleportUp"
        ]
      ]
    }
  ]
}
