﻿{
  "name": "080Sahel2",
  "displayName": "[080] 선셋로드 : 사헬지대2",
  "syncX": 59,
  "syncY": 237,
  "bands": [
    {
      "name": "BAND_2",
      "yMin": 175,
      "yMax": 231,
      "minCx": 59,
      "maxCx": 228,
      "portalCx": 0,
      "commandVariants": [
        [
          "Down"
        ]
      ]
    },
    {
      "name": "1F",
      "yMin": 232,
      "yMax": 237,
      "minCx": 59,
      "maxCx": 228,
      "portalCx": 0,
      "sameBandStopSeconds": 0,
      "commandVariants": [
        [
          {
            "cmd": "attack",
            "targetCx": "minCx",
            "dir": "left"
          },
          {
            "cmd": "delay",
            "delayMinMs": 500,
            "delayMaxMs": 2500
          },
          {
            "cmd": "attack",
            "targetCx": "maxCx",
            "dir": "right"
          },
          {
            "cmd": "delay",
            "delayMinMs": 500,
            "delayMaxMs": 2500
          }
        ]
      ]
    }
  ]
}
