{
  "name": "090C2",
  "displayName": "[090] 연구소 C-2 구역",
  "syncX": 35,
  "syncY": 203,
  "coordGroups": [
    {
      "key": "GRP_1F",
      "yMin": 198,
      "yMax": 203,
      "minCx": 35,
      "maxCx": 255,
    }
  ],
  "bands": [
    {
      "name": "2F",
      "yMin": 181,
      "yMax": 193,
      "minCx": 83,
      "maxCx": 101,
      "installPoints": [
        { "slot": 1, "cx": 94, "cy": 193, "allowOverlap": true }
      ],
      "commandVariants": [
        [
          "DownLeft"
        ]
      ]
    },
    {      
      "coordKey": "GRP_1F",
      "coordIndex": 1,
      "name": "1F_1",
      "yMin": 198,
      "yMax": 203,
      "minCx": 35,
      "maxCx": 255,
      "teleportCx": 94,
      "entirePoint": {
        "cx": 94,
        "entireKeyCommands": ["EntireKey"]
      },
      "commandVariants": [
        [
          "TeleportUp"
        ]
      ]
    },
    {      
      "coordKey": "GRP_1F",
      "coordIndex": 2,
      "name": "1F_2",
      "yMin": 198,
      "yMax": 203,
      "minCx": 35,
      "maxCx": 255,
      "sameBandStopSeconds": 30,
      "commandVariants": [
        [
          "AttackLeft",
          "AttackRight"
        ]
      ]
    },
    {      
      "coordKey": "GRP_1F",
      "coordIndex": 3,
      "name": "1F_3",
      "yMin": 198,
      "yMax": 203,
      "minCx": 35,
      "maxCx": 255,
      "sameBandStopSeconds": 30,
      "commandVariants": [
        [
          "AttackLeft",
          "AttackRight"
        ]
      ]
    },
    {      
      "coordKey": "GRP_1F",
      "coordIndex": 4,
      "name": "1F_4",
      "yMin": 198,
      "yMax": 203,
      "minCx": 35,
      "maxCx": 255,
      "sameBandStopSeconds": 30,
      "commandVariants": [
        [
          "AttackLeft",
          "AttackRight"
        ]
      ]
    },
    {      
      "coordKey": "GRP_1F",
      "coordIndex": 5,
      "name": "1F_5",
      "yMin": 198,
      "yMax": 203,
      "minCx": 35,
      "maxCx": 255,
      "sameBandStopSeconds": 30,
      "commandVariants": [
        [
          "AttackLeft",
          "AttackRight"
        ]
      ]
    },
  ]
}
