{
  "name": "090C2",
  "displayName": "[090] 연구소 C-2 구역",
  "syncX": 35,
  "syncY": 203,
  "coordGroups": [
    {
      "key": "GRP_1F",
      "y": {
        "min": 198,
        "max": 203
      },
      "x": {
        "min": 35,
        "max": 255
      }
    }
  ],
  "bands": [
    {
      "name": "2F",
      "installPoints": [
        {
          "id": "I1_2F",
          "slot": 1,
          "cx": 90,
          "cy": 193,
          "allowOverlap": true
        }
      ],
      "commandVariants": [
        [
          {
            "cmd": "down",
            "dir": "left"
          }
        ]
      ],
      "y": {
        "min": 181,
        "max": 193
      },
      "x": {
        "min": 83,
        "max": 101
      }
    },
    {
      "coordKey": "GRP_1F",
      "coordIndex": 1,
      "name": "1F_1",
      "coordCooldownMs": "entire",
      "entirePoint": {
        "cx": 90,
        "entireKeyCommands": [
          "EntireKey"
        ]
      },
      "y": {
        "min": 198,
        "max": 203
      },
      "x": {
        "min": 35,
        "max": 255
      }
    },
    {
      "coordKey": "GRP_1F",
      "coordIndex": 2,
      "name": "1F_2",
      "coordCooldownMs": "install",
      "installGate": {
        "ids": [
          "I1_2F"
        ]
      },
      "commandVariants": [
        [
          {
            "cmd": "teleport",
            "teleportCx": 90,
            "dir": "up"
          }
        ]
      ],
      "y": {
        "min": 198,
        "max": 203
      },
      "x": {
        "min": 35,
        "max": 255
      }
    },
    {
      "coordKey": "GRP_1F",
      "coordIndex": 3,
      "name": "1F_3",
      "sameBandStopSeconds": 30,
      "commandVariants": [
        [
          {
            "cmd": "attack",
            "targetCx": "maxCx",
            "dir": "right"
          },
          {
            "cmd": "attack",
            "targetCx": "minCx",
            "dir": "left"
          }
        ]
      ],
      "y": {
        "min": 198,
        "max": 203
      },
      "x": {
        "min": 35,
        "max": 255
      }
    }
  ]
}
