{
  "name": "090LabAreaC3",
  "displayName": "[090] 알카드노 연구소 C-3",
  "bands": [
    {
      "name": "2F",
      "yMin": 191,
      "yMax": 196,
      "minCx": 74,
      "maxCx": 219,
      "portalCx": 0,
      "portalCy": 0,
      "t1MoveThreshold": 20,
      "commandVariants": [
        [
          "AttackLeft",
          "Down",
        ]
      ]
    },
    {
      "name": "1F",
      "yMin": 219,
      "yMax": 224,
      "minCx": 74,
      "maxCx": 219,
      "portalCx": 0,
      "portalCy": 0,
      "ropeCx": 198,
      "ropeCy": 220,
      "ropeTargetCy": 196,
      "commandVariants": [
        [
          "AttackRight",
          "RopeUp"
        ]
      ]
    }
  ]
}
