﻿{
  "name": "090LabUnit202",
  "displayName": "[090] 연구소 202호",
  "bands": [
    {
      "name": "BAND_1",
      "commandVariants": [
        [
          {
            "cmd": "attack",
            "targetCx": "maxCx",
            "dir": "right"
          },
          {
            "cmd": "attack",
            "targetCx": "minCx",
            "dir": "left"
          }
        ]
      ],
      "y": {
        "min": 150,
        "max": 180
      },
      "x": {
        "min": 0,
        "max": 150
      }
    },
    {
      "name": "BAND_2",
      "commandVariants": [
        [
          {
            "cmd": "down"
          }
        ]
      ],
      "y": {
        "min": 0,
        "max": 150
      },
      "x": {
        "min": 0,
        "max": 150
      }
    }
  ]
}
