{
  "name": "090LabAreaC3",
  "displayName": "[090] 알카드노 연구소 C-3",
  "bands": [
    {
      "name": "2F",
      "t1MoveThreshold": 20,
      "commandVariants": [
        [
          {
            "cmd": "attack",
            "targetCx": "minCx",
            "dir": "left"
          },
          {
            "cmd": "down"
          }
        ]
      ],
      "y": {
        "min": 191,
        "max": 196
      },
      "x": {
        "min": 74,
        "max": 219
      }
    },
    {
      "name": "1F",
      "commandVariants": [
        [
          {
            "cmd": "attack",
            "targetCx": "maxCx",
            "dir": "right"
          },
          {
            "cmd": "rope",
            "ropeCx": 198,
            "ropeCy": 220,
            "ropeTargetCy": 196,
            "dir": "up"
          }
        ]
      ],
      "y": {
        "min": 219,
        "max": 224
      },
      "x": {
        "min": 74,
        "max": 219
      }
    }
  ]
}
