{
  "name": "100RedNosePirateDen2",
  "displayName": "[100] 무릉도원 : 빨간코 해적단 소굴2",
  "syncX": 68,
  "syncY": 236,
  "coordGroups": [
    {
      "key": "GRP_2F",
      "y": {
        "min": 215,
        "max": 221
      },
      "x": {
        "min": 105,
        "max": 226
      }
    },
    {
      "key": "GRP_1F",
      "y": {
        "min": 231,
        "max": 236
      },
      "x": {
        "min": 68,
        "max": 249
      }
    }
  ],
  "bands": [
    {
      "name": "3F",
      "commandVariants": [
        [
          {
            "cmd": "down"
          }
        ]
      ],
      "y": {
        "min": 195,
        "max": 210
      },
      "x": {
        "min": 128,
        "max": 212
      }
    },
    {
      "coordKey": "GRP_2F",
      "coordIndex": 1,
      "name": "2F_1",
      "entirePoint": {
        "cx": 167,
        "entireKeyCommands": [
          "EntireKey"
        ]
      },
      "y": {
        "min": 215,
        "max": 221
      },
      "x": {
        "min": 105,
        "max": 226
      }
    },
    {
      "coordKey": "GRP_2F",
      "coordIndex": 2,
      "name": "2F_2",
      "sameBandStopSeconds": 30,
      "installPoints": [
        {
          "slot": 1,
          "cx": 167,
          "cy": 216,
          "allowOverlap": true
        }
      ],
      "y": {
        "min": 215,
        "max": 221
      },
      "x": {
        "min": 105,
        "max": 226
      }
    },
    {
      "coordKey": "GRP_2F",
      "coordIndex": 3,
      "name": "2F_3",
      "sameBandStopSeconds": 35,
      "commandVariants": [
        [
          {
            "cmd": "attack",
            "targetCx": "maxCx",
          },
          {
            "cmd": "attack",
            "targetCx": "minCx",
          },
          {
            "cmd": "teleport",
            "dir": "down",
            "cooldownId": "2F_td",
            "cooldownMs": 30000,
            "cooldownStart": "after",
          }
        ]
      ],
      "y": {
        "min": 215,
        "max": 221
      },
      "x": {
        "min": 105,
        "max": 226
      },
      "allowX": {
        "min": 74,
        "max": null
      }
    },
    {
      "coordKey": "GRP_1F",
      "coordIndex": 1,
      "name": "1F_2",
      "sameBandStopSeconds": 30,
      "y": {
        "min": 231,
        "max": 236
      },
      "x": {
        "min": 68,
        "max": 249
      },
      "commandVariants": [
        [
          {
            "cmd": "attack",
            "targetCx": "minCx",
            "dir": "left"
          },
          {
            "cmd": "attack",
            "targetCx": "maxCx",
            "dir": "right"
          },
          {
            "cmd": "teleport",
            "teleportCx": 170,
            "dir": "up"
          }
        ]
      ],
    }
  ]
}
