{
  "name": "100WestLeafreForest",
  "displayName": "[100] 미나르숲 : 리프레 서쪽 숲",
  "syncX": 45,
  "syncY": 230,
  "coordGroups": [
    {
      "key": "GRP_2F",
      "y": {
        "min": 200,
        "max": 205
      },
      "x": {
        "min": 94,
        "max": 190
      }
    }
  ],
  "bands": [
    {
      "name": "4F",
      "commandVariants": [
        [
          {
            "cmd": "down",
            "downValidCy": 195
          }
        ]
      ],
      "y": {
        "min": 161,
        "max": 177
      },
      "x": {
        "min": 119,
        "max": 167
      }
    },
    {
      "name": "3F_L",
      "arrElusiveX": [
        {
          "x": 106,
          "dir": "Right"
        }
      ],
      "commandVariants": [
        [
          {
            "cmd": "attack",
            "targetCx": "minCx",
            "dir": "left"
          },
          {
            "cmd": "attack",
            "targetCx": "maxCx",
            "dir": "right"
          },
          {
            "cmd": "down",
            "dir": "right",
            "downValidCy": 190
          }
        ]
      ],
      "y": {
        "min": 178,
        "max": 183
      },
      "x": {
        "min": 52,
        "max": 115
      }
    },
    {
      "name": "3F_R",
      "arrElusiveX": [
        {
          "x": 180,
          "dir": "Left"
        }
      ],
      "commandVariants": [
        [
          {
            "cmd": "attack",
            "targetCx": "maxCx",
            "dir": "right"
          },
          {
            "cmd": "attack",
            "targetCx": "minCx",
            "dir": "left"
          },
          {
            "cmd": "down",
            "dir": "left",
            "downValidCy": 190
          }
        ]
      ],
      "y": {
        "min": 178,
        "max": 183
      },
      "x": {
        "min": 170,
        "max": 242
      }
    },
    {
      "name": "2F_L_Rope",
      "commandVariants": [
        [
          {
            "cmd": "rope",
            "ropeCx": 180,
            "ropeTargetCy": 205,
            "dir": "down"
          }
        ]
      ],
      "y": {
        "min": 184,
        "max": 200
      },
      "x": {
        "min": 106,
        "max": 106
      }
    },
    {
      "coordKey": "GRP_2F",
      "coordIndex": 1,
      "name": "2F_L",
      "entirePoint": {
        "cx": 142,
        "entireKeyCommands": [
          "EntireKey"
        ]
      },
      "installPoints": [
        {
          "slot": 1,
          "cx": 142,
          "cy": 200,
          "afterDelayMs": 1000,
          "allowOverlap": true
        }
      ],
      "arrElusiveX": [
        {
          "x": 106,
          "dir": "Left"
        }
      ],
      "commandVariants": [
        [
          {
            "cmd": "attack",
            "targetCx": "maxCx",
            "dir": "right"
          },
          {
            "cmd": "attack",
            "targetCx": "minCx",
            "dir": "left"
          },
          {
            "cmd": "teleport",
            "dir": "up"
          }
        ]
      ],
      "y": {
        "min": 200,
        "max": 205
      },
      "x": {
        "min": 94,
        "max": 190
      }
    },
    {
      "name": "2F_R_Rope",
      "commandVariants": [
        [
          {
            "cmd": "rope",
            "ropeCx": 180,
            "ropeTargetCy": 205,
            "dir": "down"
          }
        ]
      ],
      "y": {
        "min": 184,
        "max": 200
      },
      "x": {
        "min": 180,
        "max": 180
      }
    },
    {
      "coordKey": "GRP_2F",
      "coordIndex": 1,
      "name": "2F_R",
      "arrElusiveX": [
        {
          "x": 180,
          "dir": "Right"
        }
      ],
      "commandVariants": [
        [
          {
            "cmd": "attack",
            "targetCx": "minCx",
            "dir": "left"
          },
          {
            "cmd": "attack",
            "targetCx": "maxCx",
            "dir": "right"
          },
          {
            "cmd": "teleport",
            "dir": "up"
          }
        ]
      ],
      "y": {
        "min": 200,
        "max": 205
      },
      "x": {
        "min": 94,
        "max": 190
      }
    },
    {
      "name": "1F_L",
      "commandVariants": [
        [
          {
            "cmd": "rope",
            "ropeCx": 63,
            "ropeTargetCy": 183,
            "dir": "up"
          }
        ]
      ],
      "y": {
        "min": 225,
        "max": 242
      },
      "x": {
        "min": 45,
        "max": 147
      }
    },
    {
      "name": "1F_R",
      "commandVariants": [
        [
          {
            "cmd": "rope",
            "ropeCx": 224,
            "ropeTargetCy": 183,
            "dir": "up"
          }
        ]
      ],
      "y": {
        "min": 225,
        "max": 242
      },
      "x": {
        "min": 148,
        "max": 249
      }
    }
  ]
}
