{
  "name": "110ForgottenPathofTime3",
  "displayName": "[110] 시계탑최하층 : 잊혀진 시간의 길3",
  "syncX": 48,
  "syncY": 319,
  "coordGroups": [
    {
      "key": "GRP_5F",
      "y": {
        "min": 177,
        "max": 186
      },
      "x": {
        "min": 143,
        "max": 260
      }
    }
  ],
  "bands": [
    {
      "coordKey": "GRP_5F",
      "coordIndex": 2,
      "name": "5F_L",
      "commandVariants": [
        [
          {
            "cmd": "jump",
            "dir": "left"
          }
        ]
      ],
      "y": {
        "min": 177,
        "max": 186
      },
      "x": {
        "min": 144,
        "max": 260
      }
    },
    {
      "name": "4F_L",
      "commandVariants": [
        [
          {
            "cmd": "attack",
            "targetCx": "minCx",
            "dir": "left"
          },
          {
            "cmd": "down",
            "dir": "right",
            "downValidCy": 205
          }
        ]
      ],
      "y": {
        "min": 198,
        "max": 207
      },
      "x": {
        "min": 67,
        "max": 154
      }
    },
    {
      "name": "3F_L",
      "commandVariants": [
        [
          {
            "cmd": "attack",
            "targetCx": "maxCx",
            "dir": "right"
          },
          {
            "cmd": "down",
            "dir": "left"
          }
        ]
      ],
      "y": {
        "min": 233,
        "max": 241
      },
      "x": {
        "min": 67,
        "max": 138
      },
      "allowX": {
        "min": null,
        "max": 151
      }
    },
    {
      "name": "2F_L",
      "commandVariants": [
        [
          {
            "cmd": "attack",
            "targetCx": "minCx",
            "dir": "left"
          },
          {
            "cmd": "down",
            "dir": "left",
            "downValidCy": 310
          }
        ]
      ],
      "y": {
        "min": 277,
        "max": 284
      },
      "x": {
        "min": 63,
        "max": 130
      },
      "allowX": {
        "min": null,
        "max": 162
      }
    },
    {
      "name": "1F_L",
      "commandVariants": [
        [
          {
            "cmd": "attack",
            "targetCx": "minCx",
            "dir": "left"
          },
          {
            "cmd": "attack",
            "targetCx": "maxCx",
            "dir": "right"
          },
          {
            "cmd": "portal",
            "portalCx": 145
          }
        ]
      ],
      "y": {
        "min": 314,
        "max": 319
      },
      "x": {
        "min": 48,
        "max": 145
      },
      "allowX": {
        "min": null,
        "max": 275
      }
    },
    {
      "coordKey": "GRP_5F",
      "coordIndex": 1,
      "name": "5F_R",
      "commandVariants": [
        [
          {
            "cmd": "attack",
            "targetCx": "maxCx",
            "dir": "right"
          },
          {
            "cmd": "down",
            "dir": "left",
            "downValidCy": 205
          }
        ]
      ],
      "y": {
        "min": 177,
        "max": 186
      },
      "x": {
        "min": 143,
        "max": 260
      }
    },
    {
      "name": "4F_R",
      "commandVariants": [
        [
          {
            "cmd": "attack",
            "targetCx": "maxCx",
            "dir": "right"
          },
          {
            "cmd": "attack",
            "targetCx": "minCx",
            "dir": "left"
          },
          {
            "cmd": "down",
            "dir": "right"
          }
        ]
      ],
      "y": {
        "min": 220,
        "max": 227
      },
      "x": {
        "min": 188,
        "max": 263
      }
    },
    {
      "name": "3F_R",
      "commandVariants": [
        [
          {
            "cmd": "attack",
            "targetCx": "maxCx",
            "dir": "right"
          },
          {
            "cmd": "down",
            "dir": "left",
            "downMaxCx": 265
          }
        ]
      ],
      "y": {
        "min": 257,
        "max": 266
      },
      "x": {
        "min": 185,
        "max": 275
      }
    },
    {
      "name": "2F_R",
      "commandVariants": [
        [
          {
            "cmd": "attack",
            "targetCx": "maxCx",
            "dir": "right"
          },
          {
            "cmd": "attack",
            "targetCx": "minCx",
            "dir": "left"
          },
          {
            "cmd": "down",
            "dir": "right",
            "downValidCy": 305
          }
        ]
      ],
      "y": {
        "min": 281,
        "max": 290
      },
      "x": {
        "min": 182,
        "max": 266
      },
      "allowX": {
        "min": 168,
        "max": null
      }
    },
    {
      "name": "1F_R",
      "commandVariants": [
        [
          {
            "cmd": "attack",
            "targetCx": "maxCx",
            "dir": "right"
          },
          {
            "cmd": "attack",
            "targetCx": "minCx",
            "dir": "left"
          },
          {
            "cmd": "portal",
            "portalCx": 145
          }
        ]
      ],
      "y": {
        "min": 314,
        "max": 319
      },
      "x": {
        "min": 145,
        "max": 275
      },
      "allowX": {
        "min": 48,
        "max": null
      }
    }
  ]
}
