{
  "name": "110ForgottenPathofTime3",
  "displayName": "[110] 시계탑최하층 : 잊혀진 시간의 길3",
  "syncX": 48,
  "syncY": 319,
  "coordGroups": [
    {
      "key": "GRP_5F",
      "yMin": 177,
      "yMax": 186,
      "minCx": 143,
      "maxCx": 260,
    }
  ],
  "bands": [
    {
      "coordKey": "GRP_5F",
      "coordIndex": 2,
      "name": "5F_L",
      "yMin": 177,
      "yMax": 186,
      "minCx": 144,
      "maxCx": 260,
      "downValidCy": 205,
      "commandVariants": [
        [
          "JumpLeft"
        ]
      ]
    },
    {
      "name": "4F_L",
      "yMin": 198,
      "yMax": 207,
      "minCx": 67,
      "maxCx": 154,
      "downValidCy": 205,
      "commandVariants": [
        [
          "AttackLeft",
          "DownRight"
        ]
      ]
    },
    {
      "name": "3F_L",
      "yMin": 233,
      "yMax": 241,
      "minCx": 67,
      "maxCx": 138,
      "allowMaxCx": 151,
      "commandVariants": [
        [
          "AttackRight",
          "DownLeft"
        ]
      ]
    },
    {
      "name": "2F_L",
      "yMin": 277,
      "yMax": 284,
      "minCx": 63,
      "maxCx": 130,
      "allowMaxCx": 162,
      "downValidCy": 310,
      "commandVariants": [
        [
          "AttackLeft",
          "DownLeft"
        ]
      ]
    },
    {
      "name": "1F_L",
      "yMin": 314,
      "yMax": 319,
      "minCx": 48,
      "maxCx": 145,
      "allowMaxCx": 275,
      "portalCx" : 145,
      "commandVariants": [
        [
          "AttackLeft",
          "AttackRight",
          "Portal"
        ]
      ]
    },
    {
      "coordKey": "GRP_5F",
      "coordIndex": 1,
      "name": "5F_R",
      "yMin": 177,
      "yMax": 186,
      "minCx": 143,
      "maxCx": 260,
      "downValidCy": 205,
      "commandVariants": [
        [
          "AttackRight",
          "DownLeft"
        ]
      ]
    },
    {
      "name": "4F_R",
      "yMin": 220,
      "yMax": 227,
      "minCx": 188,
      "maxCx": 263,
      "commandVariants": [
        [
          "AttackRight",
          "AttackLeft",
          "DownRight"
        ]
      ]
    },
    {
      "name": "3F_R",
      "yMin": 257,
      "yMax": 266,
      "minCx": 185,
      "maxCx": 275,
      "downMaxCx": 265,
      "commandVariants": [
        [
          "AttackRight",
          "DownLeft"
        ]
      ]
    },
    {
      "name": "2F_R",
      "yMin": 281,
      "yMax": 290,
      "allowMinCx": 168,
      "minCx": 182,
      "maxCx": 266,
      "downValidCy": 305,
      "commandVariants": [
        [
          "AttackRight",
          "AttackLeft",
          "DownRight"
        ]
      ]
    },
    {
      "name": "1F_R",
      "yMin": 314,
      "yMax": 319,
      "allowMinCx": 48,
      "minCx": 145,
      "maxCx": 275,
      "portalCx" : 145,
      "commandVariants": [
        [
          "AttackRight",
          "AttackLeft",
          "Portal"
        ]
      ]
    }
  ]
}
