{
  "name": "110UnbalancedTime",
  "displayName": "[110] 시계탑최하층 : 삐뚫어진 시간",
  "syncX": 66,
  "syncY": 397,
  "coordGroups": [
    {
      "key": "GRP_1F",
      "y": {
        "min": 392,
        "max": 397
      },
      "x": {
        "min": 66,
        "max": 223
      }
    }
  ],
  "bands": [
    {
      "name": "9F",
      "commandVariants": [
        [
          {
            "cmd": "onlyMove",
            "targetCx": 160
          }
        ]
      ],
      "y": {
        "min": 147,
        "max": 152
      },
      "x": {
        "min": 160,
        "max": 195
      }
    },
    {
      "name": "8F",
      "commandVariants": [
        [
          {
            "cmd": "attack",
            "targetCx": "minCx",
            "dir": "left"
          },
          {
            "cmd": "attack",
            "targetCx": "maxCx",
            "dir": "right"
          },
          {
            "cmd": "down",
            "dir": "left",
            "downMaxCx": 145,
            "downValidCy": 190
          }
        ]
      ],
      "y": {
        "min": 163,
        "max": 170
      },
      "x": {
        "min": 102,
        "max": 156
      }
    },
    {
      "name": "7F",
      "commandVariants": [
        [
          {
            "cmd": "attack",
            "targetCx": "maxCx",
            "dir": "right"
          },
          {
            "cmd": "attack",
            "targetCx": "minCx",
            "dir": "left"
          },
          {
            "cmd": "teleport",
            "dir": "up",
            "teleportCx": 115,
          }
        ]
      ],
      "y": {
        "min": 180,
        "max": 186
      },
      "x": {
        "min": 97,
        "max": 181
      }
    },
    {
      "name": "6F",
      "commandVariants": [
        [
          {
            "cmd": "attack",
            "targetCx": "maxCx",
            "dir": "right"
          },
          {
            "cmd": "attack",
            "targetCx": "minCx",
            "dir": "left"
          },
          {
            "cmd": "down",
            "dir": "right",
            "downMinCx": 110,
            "downValidCy": 255,
          }
        ]
      ],
      "y": {
        "min": 237,
        "max": 243
      },
      "x": {
        "min": 101,
        "max": 153
      }
    },
    {
      "name": "5F",
      "commandVariants": [
        [
          {
            "cmd": "attack",
            "targetCx": "minCx",
            "dir": "left"
          },
          {
            "cmd": "attack",
            "targetCx": "maxCx",
            "dir": "right"
          },
          {
            "cmd": "down",
            "dir": "left",
            "downMaxCx": 149,
          }
        ]
      ],
      "y": {
        "min": 262,
        "max": 269
      },
      "x": {
        "min": 101,
        "max": 182
      }
    },
    {
      "name": "4F",
      "commandVariants": [
        [
          {
            "cmd": "attack",
            "targetCx": "maxCx",
            "dir": "right"
          },
          {
            "cmd": "attack",
            "targetCx": "minCx",
            "dir": "left"
          },
          {
            "cmd": "down",
            "dir": "right"
          }
        ]
      ],
      "y": {
        "min": 305,
        "max": 312
      },
      "x": {
        "min": 100,
        "max": 154
      }
    },
    {
      "name": "3F",
      "commandVariants": [
        [
          {
            "cmd": "attack",
            "targetCx": "minCx",
            "dir": "left"
          },
          {
            "cmd": "attack",
            "targetCx": "maxCx",
            "dir": "right"
          },
          {
            "cmd": "down",
            "dir": "left",
            "downMaxCx": 170
          }
        ]
      ],
      "y": {
        "min": 326,
        "max": 333
      },
      "x": {
        "min": 101,
        "max": 185
      }
    },
    {
      "name": "2F",
      "commandVariants": [
        [
          {
            "cmd": "attack",
            "targetCx": "maxCx",
            "dir": "right"
          },
          {
            "cmd": "attack",
            "targetCx": "minCx",
            "dir": "left"
          },
          {
            "cmd": "down",
          }
        ]
      ],
      "y": {
        "min": 355,
        "max": 362
      },
      "x": {
        "min": 105,
        "max": 182
      }
    },    
    {
      "coordKey": "GRP_1F",
      "coordIndex": 1,
      "name": "1F_I",
      "y": {
        "min": 392,
        "max": 397
      },
      "x": {
        "min": 66,
        "max": 223
      },
      "installPoints": [
        {
          "slot": 1,
          "cx": 145,
          "cy": 397,
          "allowOverlap": true
        }
      ],
    },
    {
      "coordKey": "GRP_1F",
      "coordIndex": 2,
      "name": "1F",
      "commandVariants": [
        [
          {
            "cmd": "attack",
            "targetCx": "minCx",
            "dir": "left"
          },
          {
            "cmd": "attack",
            "targetCx": "maxCx",
            "dir": "right"
          },
          {
            "cmd": "portal",
            "portalCx": 183
          }
        ]
      ],
      "y": {
        "min": 392,
        "max": 397
      },
      "x": {
        "min": 66,
        "max": 223
      }
    }
  ]
}
