{
  "name": "120ForbiddenTime",
  "displayName": "[120] 시계탑최하층 : 금지된 시간",
  "syncX": 123,
  "syncY": 410,
  "coordGroups": [
    {
      "key": "GRP_6F",
      "y": {
        "min": 219,
        "max": 229
      },
      "x": {
        "min": 175,
        "max": 283
      }
    }
  ],
  "bands": [
    {
      "coordKey": "GRP_6F",
      "coordIndex": 1,
      "name": "6F_I",
      "y": {
        "min": 219,
        "max": 229
      },
      "x": {
        "min": 175,
        "max": 283
      },
      "installPoints": [
        {
          "slot": 1,
          "cx": 229,
          "cy": 229,
          "allowOverlap": true
        }
      ],
    },
    {
      "coordKey": "GRP_6F",
      "coordIndex": 2,
      "name": "6F_L",
      "commandVariants": [
        [
          {
            "cmd": "attack",
            "targetCx": "minCx",
            "dir": "left"
          },
          {
            "cmd": "down",
            "dir": "left",
            "downValidCy": 250
          }
        ]
      ],
      "y": {
        "min": 219,
        "max": 229
      },
      "x": {
        "min": 175,
        "max": 283
      }
    },
    {
      "coordKey": "GRP_6F",
      "coordIndex": 3,
      "name": "6F_R",
      "commandVariants": [
        [
          {
            "cmd": "attack",
            "targetCx": "maxCx",
            "dir": "right"
          },
          {
            "cmd": "jump",
            "dir": "right",
            "targetCx": "maxCx"
          }
        ]
      ],
      "y": {
        "min": 219,
        "max": 229
      },
      "x": {
        "min": 175,
        "max": 283
      }
    },
    {
      "name": "5F_L",
      "commandVariants": [
        [
          {
            "cmd": "attack",
            "targetCx": "maxCx",
            "dir": "right"
          },
          {
            "cmd": "attack",
            "targetCx": "minCx",
            "dir": "left"
          },
          {
            "cmd": "down",
            "dir": "right",
            "downValidCy": 300
          }
        ]
      ],
      "y": {
        "min": 261,
        "max": 271
      },
      "x": {
        "min": 138,
        "max": 193
      }
    },
    {
      "name": "5F_R",
      "commandVariants": [
        [
          {
            "cmd": "attack",
            "targetCx": "minCx",
            "dir": "left"
          },
          {
            "cmd": "attack",
            "targetCx": "maxCx",
            "dir": "right"
          },
          {
            "cmd": "down",
            "dir": "left",
            "downValidCy": 300
          }
        ]
      ],
      "y": {
        "min": 261,
        "max": 271
      },
      "x": {
        "min": 272,
        "max": 328
      }
    },
    {
      "name": "4F_L",
      "commandVariants": [
        [
          {
            "cmd": "attack",
            "targetCx": "minCx",
            "dir": "left"
          },
          {
            "cmd": "attack",
            "targetCx": "maxCx",
            "dir": "right"
          },
          {
            "cmd": "jump",
            "targetCx": "maxCx",
            "dir": "right"
          }
        ]
      ],
      "y": {
        "min": 304,
        "max": 314
      },
      "x": {
        "min": 128,
        "max": 192
      }
    },
    {
      "name": "4F_R",
      "commandVariants": [
        [
          {
            "cmd": "attack",
            "targetCx": "maxCx",
            "dir": "right"
          },
          {
            "cmd": "attack",
            "targetCx": "minCx",
            "dir": "left"
          },
          {
            "cmd": "jump",
            "targetCx": "minCx",
            "dir": "left"
          }
        ]
      ],
      "y": {
        "min": 304,
        "max": 314
      },
      "x": {
        "min": 273,
        "max": 333
      }
    },
    {
      "name": "3F_L",
      "commandVariants": [
        [
          {
            "cmd": "attack",
            "targetCx": "minCx",
            "dir": "left"
          },
          {
            "cmd": "attack",
            "targetCx": 272,
            "dir": "right"
          },
          {
            "cmd": "down",
            "dir": "left"
          }
        ]
      ],
      "y": {
        "min": 332,
        "max": 342
      },
      "x": {
        "min": 185,
        "max": 225
      },
      "allowX": {
        "min": null,
        "max": 272
      }
    },
    {
      "name": "3F_R",
      "commandVariants": [
        [
          {
            "cmd": "attack",
            "targetCx": "maxCx",
            "dir": "right"
          },
          {
            "cmd": "attack",
            "targetCx": 185,
            "dir": "left"
          },
          {
            "cmd": "down",
            "dir": "right"
          }
        ]
      ],
      "y": {
        "min": 332,
        "max": 342
      },
      "x": {
        "min": 225,
        "max": 272
      },
      "allowX": {
        "min": 185,
        "max": null
      }
    },
    {
      "name": "2F_L",
      "commandVariants": [
        [
          {
            "cmd": "attack",
            "targetCx": "minCx",
            "dir": "left"
          },
          {
            "cmd": "attack",
            "targetCx": 270,
            "dir": "right"
          },
          {
            "cmd": "down"
          }
        ]
      ],
      "y": {
        "min": 364,
        "max": 374
      },
      "x": {
        "min": 190,
        "max": 225
      },
      "allowX": {
        "min": null,
        "max": 270
      }
    },
    {
      "name": "2F_R",
      "commandVariants": [
        [
          {
            "cmd": "attack",
            "targetCx": "maxCx",
            "dir": "right"
          },
          {
            "cmd": "attack",
            "targetCx": 190,
            "dir": "left"
          },
          {
            "cmd": "down"
          }
        ]
      ],
      "y": {
        "min": 364,
        "max": 374
      },
      "x": {
        "min": 225,
        "max": 270
      },
      "allowX": {
        "min": 190,
        "max": null
      }
    },
    {
      "name": "1F_L",
      "commandVariants": [
        [
          {
            "cmd": "attack",
            "targetCx": "minCx",
            "dir": "left"
          },
          {
            "cmd": "attack",
            "targetCx": "maxCx",
            "dir": "right"
          },
          {
            "cmd": "portal",
            "portalCx": 228
          }
        ]
      ],
      "y": {
        "min": 405,
        "max": 410
      },
      "x": {
        "min": 123,
        "max": 228
      },
      "allowX": {
        "min": null,
        "max": 340
      }
    },
    {
      "name": "1F_R",
      "commandVariants": [
        [
          {
            "cmd": "attack",
            "targetCx": "maxCx",
            "dir": "right"
          },
          {
            "cmd": "attack",
            "targetCx": "minCx",
            "dir": "left"
          },
          {
            "cmd": "portal",
            "portalCx": 228
          }
        ]
      ],
      "y": {
        "min": 405,
        "max": 410
      },
      "x": {
        "min": 228,
        "max": 340
      },
      "allowX": {
        "min": 123,
        "max": null
      }
    }
  ]
}
