{
  "name": "120TwistedTime",
  "displayName": "[120] 시계탑최하층 : 꼬여버린 시간",
  "syncX": 53,
  "syncY": 345,
  "coordGroups": [
    {
      "key": "GRP_1F",
      "y": {
        "min": 338,
        "max": 345
      },
      "x": {
        "min": 53,
        "max": 236
      }
    }
  ],
  "bands": [
    {
      "name": "8F",
      "commandVariants": [
        [
          {
            "cmd": "move",
            "targetCx": "maxCx",
            "dir": "right"
          },
          {
            "cmd": "attack",
            "targetCx": "minCx",
            "dir": "left"
          },
          {
            "cmd": "down"
          }
        ]
      ],
      "y": {
        "min": 120,
        "max": 127
      },
      "x": {
        "min": 116,
        "max": 227
      }
    },
    {
      "name": "7F",
      "commandVariants": [
        [
          {
            "cmd": "move",
            "targetCx": "minCx",
            "dir": "left"
          },
          {
            "cmd": "attack",
            "targetCx": "maxCx",
            "dir": "right"
          },
          {
            "cmd": "down"
          }
        ]
      ],
      "y": {
        "min": 157,
        "max": 164
      },
      "x": {
        "min": 84,
        "max": 168
      }
    },{
      "name": "6.5F",
      "commandVariants": [
        [
          {
            "cmd": "down",
            "dir": "right"
          }
        ]
      ],
      "y": {
        "min": 179,
        "max": 184
      },
      "x": {
        "min": 74,
        "max": 99
      }
    },
    {
      "name": "6F",
      "commandVariants": [
        [
          {
            "cmd": "move",
            "targetCx": "maxCx",
            "dir": "right"
          },
          {
            "cmd": "attack",
            "targetCx": "minCx",
            "dir": "left"
          },
          {
            "cmd": "jump",
            "dir": "left",
            "targetCx": "minCx",
          }
        ]
      ],
      "y": {
        "min": 198,
        "max": 205
      },
      "x": {
        "min": 120,
        "max": 224
      }
    },
    {
      "name": "5F",
      "commandVariants": [
        [
          {
            "cmd": "attack",
            "targetCx": "minCx",
            "dir": "left"
          },
          {
            "cmd": "move",
            "targetCx": "maxCx",
            "dir": "right"
          },
          {
            "cmd": "down",
            "downMinCx": 100
          }
        ]
      ],
      "y": {
        "min": 208,
        "max": 215
      },
      "x": {
        "min": 60,
        "max": 114
      }
    },
    {
      "name": "4F",
      "commandVariants": [
        [
          {
            "cmd": "move",
            "targetCx": "minCx",
            "dir": "left"
          },
          {
            "cmd": "attack",
            "targetCx": "maxCx",
            "dir": "right"
          },
          {
            "cmd": "down",
            "downMaxCx": 160
          }
        ]
      ],
      "y": {
        "min": 234,
        "max": 241
      },
      "x": {
        "min": 87,
        "max": 187
      }
    },
    {
      "name": "3F",
      "commandVariants": [
        [
          {
            "cmd": "move",
            "targetCx": "maxCx",
            "dir": "right"
          },
          {
            "cmd": "attack",
            "targetCx": "minCx",
            "dir": "left"
          },
          {
            "cmd": "down",
            "downMinCx": 120
          }
        ]
      ],
      "y": {
        "min": 267,
        "max": 274
      },
      "x": {
        "min": 87,
        "max": 172
      }
    },
    {
      "name": "2.5F",
      "commandVariants": [
        [
          {
            "cmd": "jump",
            "dir": "right",
            "targetCx": "maxCx",
          }
        ]
      ],
      "y": {
        "min": 282,
        "max": 287
      },
      "x": {
        "min": 74,
        "max": 99
      }
    },
    {
      "name": "2F",
      "commandVariants": [
        [
          {
            "cmd": "move",
            "targetCx": "minCx",
            "dir": "left"
          },
          {
            "cmd": "attack",
            "targetCx": "maxCx",
            "dir": "right"
          },
          {
            "cmd": "down"
          }
        ]
      ],
      "y": {
        "min": 307,
        "max": 314
      },
      "x": {
        "min": 114,
        "max": 224
      }
    },
    {
      "coordKey": "GRP_1F",
      "coordIndex": 1,
      "name": "1F_1",
      "commandVariants": [
        [
          {
            "cmd": "attack",
            "targetCx": "minCx",
            "dir": "left"
          },
          {
            "cmd": "portal",
            "portalCx": 87,
          }
        ]
      ],
      "y": {
        "min": 338,
        "max": 345
      },
      "x": {
        "min": 53,
        "max": 236
      }
    }
  ]
}
