{
  "name": "130ForestofDeadTreesII",
  "displayName": "[130] 폐광 : 죽은나무의2",
  "syncX": 40,
  "syncY": 221,
  "coordGroups": [],
  "bands": [
    {
      "name": "2F",
      "sameBandStopSeconds": 20,
      "y": {
        "min": 166,
        "max": 176
      },
      "x": {
        "min": 109,
        "max": 223
      },
      "commandVariants": [
        [
          {
            "cmd": "attack",
            "targetCx": "maxCx",
            "dir": "right"
          },
          {
            "cmd": "attack",
            "targetCx": "minCx",
            "dir": "left"
          },
          {
            "cmd": "down",
          }
        ]
      ],
    },
    {
      "name": "1F_L",
      "sameBandStopSeconds": 35,
      "y": {
        "min": 205,
        "max": 221
      },
      "x": {
        "min": 40,
        "max": 146
      },
      "allowX": {
        "min": null,
        "max": 252
      },
      "commandVariants": [
        [
          {
            "cmd": "attack",
            "targetCx": "minCx",
            "dir": "left"
          },
          {
            "cmd": "attack",
            "targetCx": 252,
            "dir": "right"
          },
          {
            "cmd": "attack",
            "targetCx": 202
          },
          {
            "cmd": "rope",
            "dir": "up",
            "ropeCx": 202,
            "ropeTargetCy": 176,
          }
        ]
      ],
    },
    {
      "name": "1F_R",
      "sameBandStopSeconds": 20,
      "y": {
        "min": 205,
        "max": 221
      },
      "x": {
        "min": 146,
        "max": 252
      },
      "allowX": {
        "min": 40,
        "max": null
      },
      "commandVariants": [
        [
          {
            "cmd": "attack",
            "targetCx": "maxCx",
            "dir": "right"
          },
          {
            "cmd": "attack",
            "targetCx": 202
          },
          {
            "cmd": "rope",
            "dir": "up",
            "ropeCx": 202,
            "ropeTargetCy": 176,
          }
        ]
      ],
    }
  ]
}
