﻿{
  "name": "150MemoryLane3",
  "displayName": "[150] 타임로드 : 추억의 길3",
  "syncX": 37,
  "syncY": 285,
  "coordGroups": [
    {
      "key": "GRP_3F",
      "y": {
        "min": 194,
        "max": 216
      },
      "x": {
        "min": 37,
        "max": 252
      }
    }
  ],
  "bands": [
    {
      "name": "4F",
      "commandVariants": [
        [
          {
            "cmd": "attack",
            "targetCx": "maxCx",
            "dir": "right"
          },
          {
            "cmd": "attack",
            "targetCx": "minCx",
            "dir": "left"
          },
          {
            "cmd": "down",
            "downMinCx": 155,
            "downValidCy": 245
          }
        ]
      ],
      "y": {
        "min": 174,
        "max": 185
      },
      "x": {
        "min": 86,
        "max": 215
      }
    },
    {
      "name": "3F",
      "commandVariants": [
        [
          {
            "cmd": "attack",
            "targetCx": "minCx",
            "dir": "left"
          },
          {
            "cmd": "attack",
            "targetCx": "maxCx",
            "dir": "right"
          },
          {
            "cmd": "teleport",
            "teleportCx": 185,
            "dir": "up"
          }
        ]
      ],
      "y": {
        "min": 194,
        "max": 216
      },
      "x": {
        "min": 37,
        "max": 252
      }
    },
    {
      "name": "2F_L",
      "commandVariants": [
        [
          {
            "cmd": "attack",
            "targetCx": "maxCx",
            "dir": "right"
          },
          {
            "cmd": "attack",
            "targetCx": "minCx",
            "dir": "left"
          },
          {
            "cmd": "teleport",
            "teleportCx": 59,
            "dir": "up"
          }
        ]
      ],
      "y": {
        "min": 230,
        "max": 252
      },
      "x": {
        "min": 37,
        "max": 91
      }
    },
    {
      "name": "2F_R",
      "commandVariants": [
        [
          {
            "cmd": "attack",
            "targetCx": "minCx",
            "dir": "left"
          },
          {
            "cmd": "attack",
            "targetCx": "maxCx",
            "dir": "right"
          },
          {
            "cmd": "down"
          }
        ]
      ],
      "y": {
        "min": 230,
        "max": 252
      },
      "x": {
        "min": 140,
        "max": 252
      }
    },
    {
      "name": "1층",
      "commandVariants": [
        [
          {
            "cmd": "attack",
            "targetCx": "maxCx",
            "dir": "right"
          },
          {
            "cmd": "attack",
            "targetCx": "minCx",
            "dir": "left"
          },
          {
            "cmd": "teleport",
            "teleportCx": 83,
            "dir": "up"
          }
        ]
      ],
      "y": {
        "min": 262,
        "max": 285
      },
      "x": {
        "min": 37,
        "max": 252
      }
    }
  ]
}
