﻿{
  "name": "150RoadOfRegrets4",
  "displayName": "[150] 타임로드 : 후회의 길4",
  "syncX": 37,
  "syncY": 285,
  "coordGroups": [
    {
      "key": "GRP_3F",
      "y": {
        "min": 194,
        "max": 216
      },
      "x": {
        "min": 37,
        "max": 252
      }
    }
  ],
  "bands": [
    {
      "name": "4F_R",
      "commandVariants": [
        [
          {
            "cmd": "attack",
            "targetCx": "minCx",
            "dir": "left"
          },
          {
            "cmd": "attack",
            "targetCx": "maxCx",
            "dir": "right"
          },
          {
            "cmd": "jump",
            "targetCx": "maxCx",
            "dir": "right"
          }
        ]
      ],
      "y": {
        "min": 174,
        "max": 185
      },
      "x": {
        "min": 44,
        "max": 251
      }
    },
    {
      "coordKey": "GRP_3F",
      "coordIndex": 1,
      "name": "3F_L",
      "commandVariants": [
        [
          {
            "cmd": "teleport",
            "teleportCx": 59,
            "dir": "up"
          }
        ]
      ],
      "y": {
        "min": 194,
        "max": 216
      },
      "x": {
        "min": 37,
        "max": 252
      }
    },
    {
      "coordKey": "GRP_3F",
      "coordIndex": 2,
      "name": "3F_R",
      "commandVariants": [
        [
          {
            "cmd": "attack",
            "targetCx": "minCx",
            "dir": "left"
          },
          {
            "cmd": "attack",
            "targetCx": "maxCx",
            "dir": "right"
          },
          {
            "cmd": "down",
            "downMaxCx": 227
          }
        ]
      ],
      "y": {
        "min": 194,
        "max": 216
      },
      "x": {
        "min": 37,
        "max": 252
      }
    },
    {
      "name": "2F-L",
      "commandVariants": [
        [
          {
            "cmd": "attack",
            "targetCx": "maxCx",
            "dir": "right"
          },
          {
            "cmd": "attack",
            "targetCx": "minCx",
            "dir": "left"
          },
          {
            "cmd": "teleport",
            "teleportCx": 90,
            "dir": "up"
          }
        ]
      ],
      "y": {
        "min": 230,
        "max": 252
      },
      "x": {
        "min": 61,
        "max": 136
      }
    },
    {
      "name": "2F-R",
      "commandVariants": [
        [
          {
            "cmd": "attack",
            "targetCx": "maxCx",
            "dir": "right"
          },
          {
            "cmd": "attack",
            "targetCx": "minCx",
            "dir": "left"
          },
          {
            "cmd": "down"
          }
        ]
      ],
      "y": {
        "min": 230,
        "max": 252
      },
      "x": {
        "min": 167,
        "max": 241
      }
    },
    {
      "name": "1F",
      "commandVariants": [
        [
          {
            "cmd": "attack",
            "targetCx": "maxCx",
            "dir": "right"
          },
          {
            "cmd": "attack",
            "targetCx": "minCx",
            "dir": "left"
          },
          {
            "cmd": "teleport",
            "teleportCx": 125,
            "dir": "up"
          }
        ]
      ],
      "y": {
        "min": 262,
        "max": 285
      },
      "x": {
        "min": 37,
        "max": 252
      }
    }
  ]
}
