{
  "name": "160HenesysRuinsMarket",
  "displayName": "[160] 파헤 : 파괴횐 헤네시스 시장",
  "syncX": 85,
  "syncY": 202,
  "coordGroups": [],
  "bands": [
    {
      "name": "3F",
      "x": {
        "min": 88,
        "max": 149
      },
      "y": {
        "min": 166,
        "max": 177
      },
      "commandVariants": [
        [
          {
            "cmd": "attack",
            "targetCx": "minCx",
            "dir": "left"
          },
          {
            "cmd": "attack",
            "targetCx": "maxCx",
            "dir": "right"
          },
          {
            "cmd": "jump",
            "dir": "right",
            "jumpCx": "maxCx",
          }
        ]
      ],
    },
    {
      "name": "2F",
      "x": {
        "min": 153,
        "max": 248
      },
      "y": {
        "min": 178,
        "max": 183
      },
      "commandVariants": [
        [
          {
            "cmd": "attack",
            "targetCx": "minCx",
            "dir": "left"
          },
          {
            "cmd": "attack",
            "targetCx": "maxCx",
            "dir": "right"
          },
          {
            "cmd": "down",
          }
        ]
      ],
    },
    {
      "name": "1F",
      "x": {
        "min": 85,
        "max": 248
      },
      "y": {
        "min": 197,
        "max": 208
      },
      "commandVariants": [
        [
          {
            "cmd": "attack",
            "targetCx": "maxCx",
            "dir": "right"
          },
          {
            "cmd": "attack",
            "targetCx": "minCx",
            "dir": "left"
          },
          {
            "cmd": "rope",
            "dir": "up",
            "ropeCx": 123,
            "ropeTargetCy": 171,
          }
        ]
      ],
    }
  ]
}
