{
  "name": "160RoadOfOblivion2",
  "displayName": "[160] 타임로드 : 망각의 길2",
  "syncX": 37,
  "syncY": 285,
  "coordGroups": [
    {
      "key": "GRP_3F",
      "y": {
        "min": 194,
        "max": 216
      },
      "x": {
        "min": 37,
        "max": 252
      }
    }
  ],
  "bands": [
    {
      "name": "4F_L",
      "commandVariants": [
        [
          {
            "cmd": "attack",
            "targetCx": "maxCx",
            "dir": "right"
          },
          {
            "cmd": "attack",
            "targetCx": "minCx",
            "dir": "left"
          },
          {
            "cmd": "down"
          }
        ]
      ],
      "y": {
        "min": 174,
        "max": 185
      },
      "x": {
        "min": 37,
        "max": 93
      }
    },
    {
      "name": "4F_R",
      "commandVariants": [
        [
          {
            "cmd": "attack",
            "targetCx": "maxCx",
            "dir": "right"
          },
          {
            "cmd": "attack",
            "targetCx": "minCx",
            "dir": "left"
          },
          {
            "cmd": "down",
            "downValidCy": 270
          }
        ]
      ],
      "y": {
        "min": 174,
        "max": 185
      },
      "x": {
        "min": 133,
        "max": 252
      }
    },
    {
      "coordKey": "GRP_3F",
      "coordIndex": 1,
      "name": "3F_L",
      "commandVariants": [
        [
          {
            "cmd": "teleport",
            "teleportCx": 86,
            "dir": "up"
          }
        ]
      ],
      "y": {
        "min": 194,
        "max": 216
      },
      "x": {
        "min": 37,
        "max": 252
      }
    },
    {
      "coordKey": "GRP_3F",
      "coordIndex": 2,
      "name": "3F_R",
      "commandVariants": [
        [
          {
            "cmd": "attack",
            "targetCx": "minCx",
            "dir": "left"
          },
          {
            "cmd": "attack",
            "targetCx": "maxCx",
            "dir": "right"
          },
          {
            "cmd": "teleport",
            "teleportCx": 240,
            "dir": "up"
          }
        ]
      ],
      "y": {
        "min": 194,
        "max": 216
      },
      "x": {
        "min": 37,
        "max": 252
      }
    },
    {
      "name": "2F",
      "commandVariants": [
        [
          {
            "cmd": "attack",
            "targetCx": "maxCx",
            "dir": "right"
          },
          {
            "cmd": "attack",
            "targetCx": "minCx",
            "dir": "left"
          },
          {
            "cmd": "teleport",
            "teleportCx": 57,
            "dir": "up"
          }
        ]
      ],
      "y": {
        "min": 230,
        "max": 252
      },
      "x": {
        "min": 37,
        "max": 202
      }
    },
    {
      "name": "1F",
      "commandVariants": [
        [
          {
            "cmd": "attack",
            "targetCx": "minCx",
            "dir": "left"
          },
          {
            "cmd": "attack",
            "targetCx": "maxCx",
            "dir": "right"
          },
          {
            "cmd": "teleport",
            "teleportCx": 195,
            "dir": "up"
          }
        ]
      ],
      "y": {
        "min": 262,
        "max": 285
      },
      "x": {
        "min": 37,
        "max": 252
      }
    }
  ]
}
