﻿{
  "name": "160RoadOfOblivion3",
  "displayName": "[160] 타임로드 : 망각의 길3",
  "syncX": 37,
  "syncY": 285,
  "coordGroups": [
    {
      "key": "GRP_3F",
      "y": {
        "min": 194,
        "max": 216
      },
      "x": {
        "min": 37,
        "max": 252
      }
    }
  ],
  "bands": [
    {
      "name": "4F",
      "commandVariants": [
        [
          {
            "cmd": "attack",
            "targetCx": "maxCx",
            "dir": "right"
          },
          {
            "cmd": "attack",
            "targetCx": "minCx",
            "dir": "left"
          },
          {
            "cmd": "jump",
            "dir": "left",
            "targetCx": "minCx"
          }
        ]
      ],
      "y": {
        "min": 174,
        "max": 186
      },
      "x": {
        "min": 91,
        "max": 206
      }
    },
    {
      "coordKey": "GRP_3F",
      "coordIndex": 2,
      "name": "3F_L",
      "commandVariants": [
        [
          {
            "cmd": "attack",
            "dir": "left",
            "targetCx": "minCx"
          },
          {
            "cmd": "attack",
            "dir": "right",
            "targetCx": "maxCx"
          },
          {
            "cmd": "down",
            "downMaxCx": 135
          }
        ]
      ],
      "y": {
        "min": 194,
        "max": 217
      },
      "x": {
        "min": 37,
        "max": 256
      }
    },
    {
      "coordKey": "GRP_3F",
      "coordIndex": 1,
      "name": "3F_R",
      "commandVariants": [
        [
          {
            "cmd": "attack",
            "dir": "right",
            "targetCx": "maxCx"
          },
          {
            "cmd": "attack",
            "dir": "left",
            "targetCx": 196
          },
          {
            "cmd": "teleport",
            "teleportCx": 196,
            "dir": "up"
          }
        ]
      ],
      "y": {
        "min": 194,
        "max": 217
      },
      "x": {
        "min": 37,
        "max": 256
      }
    },
    {
      "name": "2F_L",
      "commandVariants": [
        [
          {
            "cmd": "attack",
            "targetCx": "maxCx",
            "dir": "right"
          },
          {
            "cmd": "attack",
            "targetCx": "minCx",
            "dir": "left"
          },
          {
            "cmd": "down"
          }
        ]
      ],
      "y": {
        "min": 230,
        "max": 253
      },
      "x": {
        "min": 37,
        "max": 149
      }
    },
    {
      "name": "2F_R",
      "commandVariants": [
        [
          {
            "cmd": "attack",
            "targetCx": "maxCx",
            "dir": "right"
          },
          {
            "cmd": "attack",
            "targetCx": "minCx",
            "dir": "left"
          },
          {
            "cmd": "teleport",
            "teleportCx": 211,
            "dir": "up"
          }
        ]
      ],
      "y": {
        "min": 230,
        "max": 253
      },
      "x": {
        "min": 192,
        "max": 256
      }
    },
    {
      "name": "1F",
      "commandVariants": [
        [
          {
            "cmd": "attack",
            "targetCx": "minCx",
            "dir": "left"
          },
          {
            "cmd": "attack",
            "targetCx": "maxCx",
            "dir": "right"
          },
          {
            "cmd": "teleport",
            "teleportCx": 221,
            "dir": "up"
          }
        ]
      ],
      "y": {
        "min": 262,
        "max": 286
      },
      "x": {
        "min": 37,
        "max": 256
      }
    }
  ]
}
