﻿{
  "name": "170FirstDrillHall",
  "displayName": "[170] 기사단 요새 : 제 1연무장",
  "syncX": 77,
  "syncY": 217,
  "bands": [
    {
      "name": "3F",
      "y": {
        "min": 188,
        "max": 203
      },
      "x": {
        "min": 137,
        "max": 166
      },
      "commandVariants": [
        [
          {
            "cmd": "delay",
            "delayMs": 500
          },
          {
            "cmd": "jump"
          },
          {
            "cmd": "delay",
            "delayMs": 500
          },
          {
            "cmd": "down",
            "downValidCy": 205
          }
        ]
      ],
    },
    {
      "name": "2F",
      "y": {
        "min": 204,
        "max": 209
      },
      "x": {
        "min": 124,
        "max": 170
      },
      "watchCharacterSearch": false,
      "watchSameBandStop": false,
      "watchNoMoveStop": false,
      "commandVariants": [
        [
          {
            "cmd": "teleport",
            "dir": "down",
            "cooldownId": "2F_td",
            "cooldownMs": 20000,
            "cooldownStart": "after",
          },
          {
            "cmd": "move",
            "dir": "left",
            "targetCx": 134
          },
          {
            "cmd": "delay",
            "delayMs": 300
          },
          {
            "cmd": "onlyAttack",
            "dir": "right",
            "durationMs": 5000,
            "attackDelayMinMs": 35,
            "attackDelayMaxMs": 75,
            "attackHoldMinMs": 40,
            "attackHoldMaxMs": 90
          },
          {
            "cmd": "move",
            "dir": "right",
            "targetCx": 164
          },
          {
            "cmd": "delay",
            "delayMs": 300
          },
          {
            "cmd": "onlyAttack",
            "dir": "left",
            "durationMs": 5000,
            "attackDelayMinMs": 35,
            "attackDelayMaxMs": 75,
            "attackHoldMinMs": 40,
            "attackHoldMaxMs": 90
          }
        ],
        [
          {
            "cmd": "teleport",
            "dir": "down",
            "cooldownId": "2F_td",
            "cooldownMs": 20000,
            "cooldownStart": "after",
          },
          {
            "cmd": "attack",
            "dir": "right",
            "targetCx": 134
          },
          {
            "cmd": "delay",
            "delayMs": 300
          },
          {
            "cmd": "onlyAttack",
            "dir": "left",
            "durationMs": 4000,
            "attackDelayMinMs": 35,
            "attackDelayMaxMs": 75,
            "attackHoldMinMs": 40,
            "attackHoldMaxMs": 90
          },
          {
            "cmd": "attack",
            "dir": "left",
            "targetCx": 164
          },
          {
            "cmd": "delay",
            "delayMs": 300
          },
          {
            "cmd": "onlyAttack",
            "dir": "right",
            "durationMs": 4000,
            "attackDelayMinMs": 35,
            "attackDelayMaxMs": 75,
            "attackHoldMinMs": 40,
            "attackHoldMaxMs": 90
          }
        ]
      ]
    },
    {
      "name": "1F",
      "commandVariants": [
        [
          {
            "cmd": "attack",
            "targetCx": 120
          },
          {
            "cmd": "attack",
            "targetCx": 180
          },
          {
            "cmd": "teleport",
            "dir": "up",
            "teleportCx": 150,
            "tolerancePx": 7,
          }
        ],
        [
          {
            "cmd": "attack",
            "targetCx": 180
          },
          {
            "cmd": "attack",
            "targetCx": 120
          },
          {
            "cmd": "teleport",
            "dir": "up",
            "teleportCx": 150,
            "tolerancePx": 7,
          }
        ]
      ],
      "y": {
        "min": 213,
        "max": 217
      },
      "x": {
        "min": 77,
        "max": 212
      }
    }
  ]
}
