﻿{
  "name": "170SecondDrillHall",
  "displayName": "[170] 기사단 요새 : 제 2연무장",
  "syncX": 77,
  "syncY": 217,
  "bands": [
    {
      "name": "3F",
      "y": {
        "min": 188,
        "max": 203
      },
      "x": {
        "min": 137,
        "max": 166
      },
      "commandVariants": [
        [
          {
            "cmd": "delay",
            "delayMs": 200
          },
          {
            "cmd": "jump"
          },
          {
            "cmd": "delay",
            "delayMs": 500
          },
          {
            "cmd": "onlyMove",
            "targetCx": 125
          }
        ],
        [
          {
            "cmd": "delay",
            "delayMs": 500
          },
          {
            "cmd": "jump"
          },
          {
            "cmd": "delay",
            "delayMs": 500
          },
          {
            "cmd": "onlyMove",
            "targetCx": 175
          }
        ]
      ],
    },
    {
      "name": "2F_L",
      "y": {
        "min": 204,
        "max": 209
      },
      "x": {
        "min": 122,
        "max": 150
      },
      "allowX": {
        "min": null,
        "max": 175
      },
      "watchCharacterSearch": false,
      "watchNoMoveStop": false,
      "commandVariants": [
        [
          {
            "cmd": "attack",
            "dir": "right",
            "targetCx": 175
          },
          {
            "cmd": "onlyMove",
            "targetCx": 185
          },
        ]
      ]
    },
    {
      "name": "2F_R",
      "y": {
        "min": 204,
        "max": 209
      },
      "x": {
        "min": 150,
        "max": 175
      },
      "allowX": {
        "min": 122,
        "max": null
      },
      "watchCharacterSearch": false,
      "watchNoMoveStop": false,
      "commandVariants": [
        [
          {
            "cmd": "attack",
            "dir": "left",
            "targetCx": 122
          },
          {
            "cmd": "onlyMove",
            "targetCx": 110
          },
        ]
      ]
    },
    {
      "name": "1F_D",
      "x": {
        "min": 77,
        "max": 212
      },
      "y": {
        "min": 213,
        "max": 217
      },
      "watchSameBandStop": false,
      "coordCooldownMs": 35000,
      "commandVariants": [
        [

          {
            "cmd": "teleport",
            "dir": "up",
            "teleportCx": 150,
            "teleportTolerancePx": 3,
          }
        ]
      ]
    },
    {
      "name": "1F",
      "x": {
        "min": 77,
        "max": 212
      },
      "y": {
        "min": 213,
        "max": 217
      },
      "watchSameBandStop": false,
      "commandVariants": [
        [
          {
            "cmd": "attack",
            "targetCx": "minCx"
          },
          {
            "cmd": "attack",
            "targetCx": "maxCx"
          },
        ]
      ],
    }
  ]
}
