﻿{
  "name": "888Zakum",
  "displayName": "[888] 보스 레이드 : 자쿰",
  "syncX": 89,
  "syncY": 91,
  "bands": [
    {
      "name": "1F_LL",
      "y": {
        "min": 80,
        "max": 91
      },
      "x": {
        "min": 86,
        "max": 109
      },
      "commandVariants": [
        [
          {
            "cmd": "move",
            "targetCx": 120
          }
        ]
      ]
    },
    {
      "name": "1F_L",
      "y": {
        "min": 80,
        "max": 91
      },
      "x": {
        "min": 110,
        "max": 130
      },
      "watchCharacterSearch": false,
      "watchSameBandStop": false,
      "watchNoMoveStop": false,
      "commandVariants": [
        [
          {
            "cmd": "move",
            "targetCx": 120
          },
          {
            "cmd": "delay",
            "delayMs": 300
          },
          {
            "cmd": "onlyAttack",
            "dir": "right",
            "durationMinMs": 2500,
            "durationMaxMs": 5000,
            "attackDelayMinMs": 35,
            "attackDelayMaxMs": 75,
            "attackHoldMinMs": 40,
            "attackHoldMaxMs": 90
          }
        ]
      ]
    },
    {
      "name": "1F_C",
      "y": {
        "min": 80,
        "max": 91
      },
      "x": {
        "min": 131,
        "max": 154
      },
      "watchCharacterSearch": false,
      "watchSameBandStop": false,
      "watchNoMoveStop": false,
      "commandVariants": [
        [
          {
            "cmd": "move",
            "targetCx": 120
          }
        ]
      ]
    },
    {
      "name": "1F_R",
      "y": {
        "min": 80,
        "max": 91
      },
      "x": {
        "min": 155,
        "max": 175
      },
      "watchCharacterSearch": false,
      "watchSameBandStop": false,
      "watchNoMoveStop": false,
      "commandVariants": [
        [
          {
            "cmd": "move",
            "targetCx": 165
          },
          {
            "cmd": "delay",
            "delayMs": 300
          },
          {
            "cmd": "onlyAttack",
            "dir": "left",
            "durationMinMs": 2500,
            "durationMaxMs": 5000,
            "attackDelayMinMs": 35,
            "attackDelayMaxMs": 75,
            "attackHoldMinMs": 40,
            "attackHoldMaxMs": 90
          }
        ]
      ]
    },
    {
      "name": "1F_RR",
      "y": {
        "min": 80,
        "max": 91
      },
      "x": {
        "min": 176,
        "max": 194
      },
      "watchCharacterSearch": false,
      "watchSameBandStop": false,
      "watchNoMoveStop": false,
      "commandVariants": [
        [
          {
            "cmd": "move",
            "targetCx": 165
          }
        ]
      ]
    },
  ]
}
