{
  "name": "EastRoad",
  "displayName": "[140] 미나르숲 : 협곡의 동쪽길",
  "syncX": 110,
  "syncY": 336,
  "coordGroups": [],
  "bands": [
    {
      "name": "4층",
      "commandVariants": [
        [
          {
            "cmd": "attack",
            "targetCx": "minCx",
            "dir": "left"
          },
          {
            "cmd": "attack",
            "targetCx": "maxCx",
            "dir": "right"
          },
          {
            "cmd": "down",
            "downValidCy": 208
          }
        ]
      ],
      "y": {
        "min": 178,
        "max": 183
      },
      "x": {
        "min": 110,
        "max": 181
      }
    },
    {
      "name": "3층",
      "commandVariants": [
        [
          {
            "cmd": "attack",
            "targetCx": "maxCx",
            "dir": "right"
          },
          {
            "cmd": "attack",
            "targetCx": "minCx",
            "dir": "left"
          },
          {
            "cmd": "down",
            "downValidCy": 285
          }
        ]
      ],
      "y": {
        "min": 205,
        "max": 216
      },
      "x": {
        "min": 138,
        "max": 181
      }
    },
    {
      "name": "2.5층",
      "commandVariants": [
        [
          {
            "cmd": "down",
            "downValidCy": 285
          }
        ]
      ],
      "y": {
        "min": 220,
        "max": 284
      },
      "x": {
        "min": 110,
        "max": 181
      }
    },
    {
      "name": "2층",
      "commandVariants": [
        [
          {
            "cmd": "attack",
            "targetCx": "maxCx",
            "dir": "right"
          },
          {
            "cmd": "attack",
            "targetCx": "minCx",
            "dir": "left"
          },
          {
            "cmd": "down",
            "downValidCy": 320
          }
        ]
      ],
      "y": {
        "min": 295,
        "max": 303
      },
      "x": {
        "min": 110,
        "max": 181
      }
    },
    {
      "name": "1층",
      "commandVariants": [
        [
          {
            "cmd": "attack",
            "targetCx": "minCx",
            "dir": "left"
          },
          {
            "cmd": "attack",
            "targetCx": "maxCx",
            "dir": "right"
          },
          {
            "cmd": "portal",
            "portalCx": 175
          }
        ]
      ],
      "y": {
        "min": 331,
        "max": 336
      },
      "x": {
        "min": 110,
        "max": 181
      }
    }
  ]
}
