{
  "name": "EastRoad",
  "displayName": "[140] 미나르숲 : 협곡의 동쪽길",
  "syncX": 110,
  "syncY": 336,
  "coordGroups": [],
  "bands": [
    {
      "name": "4층",
      "yMin": 178,
      "yMax": 183,
      "minCx": 110,
      "maxCx": 181,
      "portalCx": 0,
      "downValidCy": 208,
      "commands": [
        "AttackLeft",
        "AttackRight",
        "Down"
      ]
    },
    {
      "name": "3층",
      "yMin": 205,
      "yMax": 216,
      "minCx": 138,
      "maxCx": 181,
      "portalCx": 0,
      "downValidCy": 285,
      "commands": [
        "AttackRight",
        "AttackLeft",
        "Down"
      ]
    },
    {
      "name": "2.5층",
      "yMin": 220,
      "yMax": 284,
      "minCx": 110,
      "maxCx": 181,
      "portalCx": 0,
      "downValidCy": 285,
      "commands": [
        "Down"
      ]
    },
    {
      "name": "2층",
      "yMin": 295,
      "yMax": 303,
      "minCx": 110,
      "maxCx": 181,
      "portalCx": 0,
      "downValidCy": 320,
      "commands": [
        "AttackRight",
        "AttackLeft",
        "Down"
      ]
    },
    {
      "name": "1층",
      "yMin": 331,
      "yMax": 336,
      "minCx": 110,
      "maxCx": 181,
      "portalCx": 175,
      "commands": [
        "AttackLeft",
        "AttackRight",
        "Portal"
      ]
    }
  ]
}

