﻿{
  "NAME": "EastRoad",
  "DISPLAY_NAME": "[140] 미나르숲 : 협곡의 동쪽길",
  "MARGIN": 10,
  "SYNC_X": 110,
  "SYNC_Y": 336,
  "COORD_GROUPS": [],
  "BANDS": [
    {
      "NAME": "4층",
      "Y_MIN": 178,
      "Y_MAX": 183,
      "MIN_CX": 110,
      "MAX_CX": 181,
      "PORTAL_CX": 0,
      "DOWN_VALID_CY": 208,
      "COMMANDS": [
        "MoveLeft",
        "MoveRight",
        "Down"
      ]
    },
    {
      "NAME": "3층",
      "Y_MIN": 205,
      "Y_MAX": 216,
      "MIN_CX": 138,
      "MAX_CX": 181,
      "PORTAL_CX": 0,
      "DOWN_VALID_CY": 290,
      "COMMANDS": [
        "MoveRight",
        "MoveLeft",
        "Down"
      ]
    },
    {
      "NAME": "2.5층",
      "Y_MIN": 220,
      "Y_MAX": 290,
      "MIN_CX": 110,
      "MAX_CX": 181,
      "PORTAL_CX": 0,
      "COMMANDS": [
        "Down"
      ]
    },
    {
      "NAME": "2층",
      "Y_MIN": 295,
      "Y_MAX": 303,
      "MIN_CX": 110,
      "MAX_CX": 181,
      "PORTAL_CX": 0,
      "DOWN_VALID_CY": 310,
      "COMMANDS": [
        "MoveRight",
        "MoveLeft",
        "Down"
      ]
    },
    {
      "NAME": "1층",
      "Y_MIN": 331,
      "Y_MAX": 336,
      "MIN_CX": 110,
      "MAX_CX": 181,
      "PORTAL_CX": 175,
      "COMMANDS": [
        "MoveLeft",
        "MoveRight",
        "Portal"
      ]
    }
  ]
}
