{
  "NAME": "LabAreaC1",
  "DISPLAY_NAME": "연구소 C-1",
  "BANDS": [
    {
      "NAME": "Band1",
      "Y_MIN": 156,
      "Y_MAX": 166,
      "MIN_CX": 71,
      "MAX_CX": 214,
      "PORTAL_CX": 0,
      "PORTAL_CY": 0,
      "COMMANDS": [
        "AttackRight",
        "AttackLeft"
      ],
      "IDLE_TIMEOUT_MS": null,
      "HUNT_BREAK_TOLERANCE_X": 20,
      "HUNT_END_TOLERANCE_X": 30,
      "T1_MOVE_THRESHOLD": 20,
      "ALLOW_MIN_CX": 0,
      "ALLOW_MAX_CX": 0,
      "DOWN_MIN_CX": null,
      "DOWN_MAX_CX": null
    },
    {
      "NAME": "Band2",
      "Y_MIN": 140,
      "Y_MAX": 155,
      "MIN_CX": 71,
      "MAX_CX": 241,
      "PORTAL_CX": 0,
      "PORTAL_CY": 0,
      "COMMANDS": [
        "Down"
      ],
      "IDLE_TIMEOUT_MS": null,
      "HUNT_BREAK_TOLERANCE_X": null,
      "HUNT_END_TOLERANCE_X": null,
      "T1_MOVE_THRESHOLD": null,
      "ALLOW_MIN_CX": null,
      "ALLOW_MAX_CX": null,
      "DOWN_MIN_CX": null,
      "DOWN_MAX_CX": null
    }
  ]
}
