{
  "name": "LabAreaC1",
  "displayName": "연구소 C-1",
  "bands": [
    {
      "name": "Band1",
      "yMin": 156,
      "yMax": 166,
      "minCx": 71,
      "maxCx": 214,
      "portalCx": 0,
      "portalCy": 0,
      "commands": [
        "AttackRight",
        "AttackLeft"
      ],
      "idleTimeoutMs": null,
      "huntBreakToleranceX": 20,
      "huntEndToleranceX": 30,
      "t1MoveThreshold": 20,
      "allowMinCx": 0,
      "allowMaxCx": 0,
      "downMinCx": null,
      "downMaxCx": null
    },
    {
      "name": "Band2",
      "yMin": 140,
      "yMax": 155,
      "minCx": 71,
      "maxCx": 241,
      "portalCx": 0,
      "portalCy": 0,
      "commands": [
        "Down"
      ],
      "idleTimeoutMs": null,
      "huntBreakToleranceX": null,
      "huntEndToleranceX": null,
      "t1MoveThreshold": null,
      "allowMinCx": null,
      "allowMaxCx": null,
      "downMinCx": null,
      "downMaxCx": null
    }
  ]
}

