{
  "name": "LabUnit202",
  "displayName": "연구소 202호",
  "bands": [
    {
      "name": "BAND_1",
      "yMin": 150,
      "yMax": 180,
      "minCx": 0,
      "maxCx": 150,
      "portalCx": 0,
      "commandVariants": [
        [
          "AttackRight",
          "AttackLeft"
        ]
      ]
    },
    {
      "name": "BAND_2",
      "yMin": 0,
      "yMax": 150,
      "minCx": 0,
      "maxCx": 150,
      "portalCx": 0,
      "commandVariants": [
        [
          "Down"
        ]
      ]
    }
  ]
}
