{
  "name": "MemoryLane1",
  "displayName": "[150] 타임로드 : 추억의 길1",
  "syncX": 37,
  "syncY": 285,
  "coordGroups": [
    {
      "key": "GRP_3F",
      "yMin": 194,
      "yMax": 216,
      "minCx": 37,
      "maxCx": 252
    }
  ],
  "bands": [
    {
      "name": "4F_L",
      "yMin": 174,
      "yMax": 185,
      "minCx": 37,
      "maxCx": 121,
      "portalCx": 0,
      "commandVariants": [
        [
          "AttackLeft",
          "AttackRight",
          "Down"
        ]
      ]
    },
    {
      "name": "4F_R",
      "yMin": 174,
      "yMax": 185,
      "minCx": 189,
      "maxCx": 252,
      "portalCx": 0,
      "downValidCy": 221,
      "commandVariants": [
        [
          "AttackLeft",
          "AttackRight",
          "Down"
        ]
      ]
    },
    {
      "coordKey": "GRP_3F",
      "coordIndex": 1,
      "name": "3F_L",
      "yMin": 194,
      "yMax": 216,
      "minCx": 110,
      "maxCx": 179,
      "teleportCx": 59,
      "commandVariants": [
        [
          "AttackLeft",
          "TeleportUp"
        ]
      ]
    },
    {
      "coordKey": "GRP_3F",
      "coordIndex": 2,
      "name": "3F_R",
      "yMin": 206,
      "yMax": 217,
      "minCx": 37,
      "maxCx": 252,
      "teleportCx": 221,
      "commandVariants": [
        [
          "AttackRight",
          "TeleportUp"
        ]
      ]
    },
    {
      "name": "2F-L",
      "yMin": 230,
      "yMax": 252,
      "minCx": 37,
      "maxCx": 121,
      "teleportCx": 111,
      "commandVariants": [
        [
          "AttackLeft",
          "AttackRight",
          "TeleportUp"
        ]
      ]
    },
    {
      "name": "2F-R",
      "yMin": 230,
      "yMax": 252,
      "minCx": 189,
      "maxCx": 252,
      "teleportCx": 1,
      "commandVariants": [
        [
          "AttackRight",
          "AttackLeft",
          "Down"
        ]
      ]
    },
    {
      "name": "1층",
      "yMin": 262,
      "yMax": 285,
      "minCx": 37,
      "maxCx": 252,
      "teleportCx": 95,
      "commandVariants": [
        [
          "AttackRight",
          "AttackLeft",
          "TeleportUp"
        ]
      ]
    }
  ]
}
