{
  "NAME": "MemoryLane3",
  "DISPLAY_NAME": "[150] 타임로드 : 추억의 길3",
  "MARGIN": 10,
  "COORD_GROUPS": [
    {
      "KEY": "GRP_3F",
      "Y_MIN": 194,
      "Y_MAX": 216,
      "MIN_CX": 37,
      "MAX_CX": 252
    }
  ],
  "BANDS": [
    {
      "NAME": "4F",
      "Y_MIN": 174,
      "Y_MAX": 185,
      "MIN_CX": 86,
      "MAX_CX": 215,
      "PORTAL_CX": 1,
      "DOWN_MIN_CX": 155,
      "DOWN_VALID_CY": 245,
      "COMMANDS": [
        "MoveRight",
        "MoveLeft",
        "Down"
      ]
    },
    {
      "NAME": "3F",
      "Y_MIN": 194,
      "Y_MAX": 216,
      "MIN_CX": 37,
      "MAX_CX": 252,
      "PORTAL_CX": 185,
      "COMMANDS": [
        "MoveLeft",
        "MoveRight",
        "TeleportUp"
      ]
    },
    {
      "NAME": "2F_L",
      "Y_MIN": 230,
      "Y_MAX": 252,
      "MIN_CX": 37,
      "MAX_CX": 91,
      "PORTAL_CX": 59,
      "COMMANDS": [
        "MoveRight",
        "MoveLeft",
        "TeleportUp"
      ]
    },
    {
      "NAME": "2F_R",
      "Y_MIN": 230,
      "Y_MAX": 252,
      "MIN_CX": 140,
      "MAX_CX": 252,
      "PORTAL_CX": 1,
      "COMMANDS": [
        "MoveLeft",
        "MoveRight",
        "DOWN"
      ]
    },
    {
      "NAME": "1층",
      "Y_MIN": 262,
      "Y_MAX": 285,
      "MIN_CX": 37,
      "MAX_CX": 252,
      "PORTAL_CX": 83,
      "COMMANDS": [
        "MoveRight",
        "MoveLeft",
        "TeleportUp"
      ]
    }
  ]
}
