{
  "NAME": "MemoryLane2",
  "DISPLAY_NAME": "[150] 타임로드 : 추억의 길2",
  "COORD_GROUPS": [
    {
      "KEY": "GRP_3F",
      "Y_MIN": 194,
      "Y_MAX": 216,
      "MIN_CX": 37,
      "MAX_CX": 252
    }
  ],
  "BANDS": [
    {
      "NAME": "4F_L",
      "Y_MIN": 174,
      "Y_MAX": 185,
      "MIN_CX": 37,
      "MAX_CX": 161,
      "PORTAL_CX": 1,
      "COMMANDS": [
        "AttackLeft",
        "AttackRight",
        "Down"
      ]
    },
    {
      "NAME": "4F_R",
      "Y_MIN": 174,
      "Y_MAX": 185,
      "MIN_CX": 206,
      "MAX_CX": 252,
      "PORTAL_CX": 1,
      "DOWN_VALID_CY": 261,
      "COMMANDS": [
        "AttackLeft",
        "AttackRight",
        "Down"
      ]
    },
    {
      "COORD_KEY": "GRP_3F",
      "COORD_INDEX": 1,
      "NAME": "3F_L",
      "Y_MIN": 194,
      "Y_MAX": 216,
      "MIN_CX": 110,
      "MAX_CX": 179,
      "TELEPORT_CX": 48,
      "COMMANDS": [
        "AttackLeft",
        "TeleportUp"
      ]
    },
    {
      "COORD_KEY": "GRP_3F",
      "COORD_INDEX": 2,
      "NAME": "3F_R",
      "Y_MIN": 206,
      "Y_MAX": 217,
      "MIN_CX": 37,
      "MAX_CX": 252,
      "TELEPORT_CX": 211,
      "COMMANDS": [
        "AttackRight",
        "TeleportUp"
      ]
    },
    {
      "NAME": "2F",
      "Y_MIN": 230,
      "Y_MAX": 252,
      "MIN_CX": 101,
      "MAX_CX": 252,
      "TELEPORT_CX": 153,
      "COMMANDS": [
        "AttackLeft",
        "AttackRight",
        "TeleportUp"
      ]
    },
    {
      "NAME": "1층",
      "Y_MIN": 262,
      "Y_MAX": 285,
      "MIN_CX": 37,
      "MAX_CX": 252,
      "TELEPORT_CX": 115,
      "COMMANDS": [
        "AttackRight",
        "AttackLeft",
        "TeleportUp"
      ]
    }
  ]
}
