﻿{
  "NAME": "MemoryLane2",
  "DISPLAY_NAME": "타임로드 : 추억의 길2",
  "MARGIN": 10,
  "COORD_GROUPS": [
    {
      "KEY": "GRP_3F",
      "Y_MIN": 163,
      "Y_MAX": 185,
      "MIN_CX": 36,
      "MAX_CX": 251
    }
  ],
  "BANDS": [
    {
      "NAME": "4F_L",
      "Y_MIN": 143,
      "Y_MAX": 154,
      "MIN_CX": 36,
      "MAX_CX": 160,
      "PORTAL_CX": 0,
      "COMMANDS": [
        "MoveLeft",
        "MoveRight",
        "Down"
      ]
    },
    {
      "NAME": "4F_R",
      "Y_MIN": 143,
      "Y_MAX": 154,
      "MIN_CX": 205,
      "MAX_CX": 251,
      "PORTAL_CX": 0,
      "DOWN_VALID_CY": 230,
      "COMMANDS": [
        "MoveLeft",
        "MoveRight",
        "Down"
      ]
    },
    {
      "COORD_KEY": "GRP_3F",
      "COORD_INDEX": 1,
      "NAME": "3F_L",
      "Y_MIN": 163,
      "Y_MAX": 185,
      "MIN_CX": 109,
      "MAX_CX": 178,
      "PORTAL_CX": 47,
      "COMMANDS": [
        "MoveLeft",
        "TeleportUp"
      ]
    },
    {
      "COORD_KEY": "GRP_3F",
      "COORD_INDEX": 2,
      "NAME": "3F_R",
      "Y_MIN": 175,
      "Y_MAX": 186,
      "MIN_CX": 36,
      "MAX_CX": 251,
      "PORTAL_CX": 210,
      "COMMANDS": [
        "MoveRight",
        "TeleportUp"
      ]
    },
    {
      "NAME": "2F",
      "Y_MIN": 199,
      "Y_MAX": 221,
      "MIN_CX": 100,
      "MAX_CX": 251,
      "PORTAL_CX": 152,
      "COMMANDS": [
        "MoveLeft",
        "MoveRight",
        "TeleportUp"
      ]
    },
    {
      "NAME": "1층",
      "Y_MIN": 231,
      "Y_MAX": 254,
      "MIN_CX": 36,
      "MAX_CX": 251,
      "PORTAL_CX": 114,
      "COMMANDS": [
        "MoveRight",
        "MoveLeft",
        "TeleportUp"
      ]
    }
  ]
}
