{
  "name": "MemoryLane2",
  "displayName": "[150] 타임로드 : 추억의 길2",
  "coordGroups": [
    {
      "key": "GRP_3F",
      "yMin": 194,
      "yMax": 216,
      "minCx": 37,
      "maxCx": 252
    }
  ],
  "bands": [
    {
      "name": "4F_L",
      "yMin": 174,
      "yMax": 185,
      "minCx": 37,
      "maxCx": 161,
      "portalCx": 1,
      "commandVariants": [
        [
          "AttackLeft",
          "AttackRight",
          "Down"
        ]
      ]
    },
    {
      "name": "4F_R",
      "yMin": 174,
      "yMax": 185,
      "minCx": 206,
      "maxCx": 252,
      "portalCx": 1,
      "downValidCy": 261,
      "commandVariants": [
        [
          "AttackLeft",
          "AttackRight",
          "Down"
        ]
      ]
    },
    {
      "coordKey": "GRP_3F",
      "coordIndex": 1,
      "name": "3F_L",
      "yMin": 194,
      "yMax": 216,
      "minCx": 110,
      "maxCx": 179,
      "teleportCx": 48,
      "commandVariants": [
        [
          "AttackLeft",
          "TeleportUp"
        ]
      ]
    },
    {
      "coordKey": "GRP_3F",
      "coordIndex": 2,
      "name": "3F_R",
      "yMin": 206,
      "yMax": 217,
      "minCx": 37,
      "maxCx": 252,
      "teleportCx": 211,
      "commandVariants": [
        [
          "AttackRight",
          "TeleportUp"
        ]
      ]
    },
    {
      "name": "2F",
      "yMin": 230,
      "yMax": 252,
      "minCx": 101,
      "maxCx": 252,
      "teleportCx": 153,
      "commandVariants": [
        [
          "AttackLeft",
          "AttackRight",
          "TeleportUp"
        ]
      ]
    },
    {
      "name": "1층",
      "yMin": 262,
      "yMax": 285,
      "minCx": 37,
      "maxCx": 252,
      "teleportCx": 115,
      "commandVariants": [
        [
          "AttackRight",
          "AttackLeft",
          "TeleportUp"
        ]
      ]
    }
  ]
}
