{
  "NAME": "MemoryLane4",
  "DISPLAY_NAME": "[150] 타임로드 : 추억의 길4",
  "COORD_GROUPS": [
    {
      "KEY": "GRP_3F",
      "Y_MIN": 194,
      "Y_MAX": 216,
      "MIN_CX": 37,
      "MAX_CX": 252
    }
  ],
  "BANDS": [
    {
      "NAME": "4F",
      "Y_MIN": 174,
      "Y_MAX": 185,
      "MIN_CX": 37,
      "MAX_CX": 153,
      "PORTAL_CX": 1,
      "DOWN_VALID_CY": 241,
      "COMMANDS": [
        "AttackRight",
        "AttackLeft",
        "Down"
      ]
    },
    {
      "NAME": "3F",
      "Y_MIN": 194,
      "Y_MAX": 216,
      "MIN_CX": 37,
      "MAX_CX": 252,
      "TELEPORT_CX": 145,
      "COMMANDS": [
        "AttackLeft",
        "AttackRight",
        "TeleportUp"
      ]
    },
    {
      "NAME": "2F",
      "Y_MIN": 230,
      "Y_MAX": 282,
      "MIN_CX": 37,
      "MAX_CX": 211,
      "TELEPORT_CX": 81,
      "COMMANDS": [
        "AttackRight",
        "AttackLeft",
        "TeleportUp"
      ]
    },
    {
      "NAME": "1F",
      "Y_MIN": 262,
      "Y_MAX": 285,
      "MIN_CX": 37,
      "MAX_CX": 252,
      "TELEPORT_CX": 187,
      "COMMANDS": [
        "AttackLeft",
        "AttackRight",
        "TeleportUp"
      ]
    }
  ]
}
