{
  "name": "MemoryLane3",
  "displayName": "[150] 타임로드 : 추억의 길3",
  "coordGroups": [
    {
      "key": "GRP_3F",
      "yMin": 194,
      "yMax": 216,
      "minCx": 37,
      "maxCx": 252
    }
  ],
  "bands": [
    {
      "name": "4F",
      "yMin": 174,
      "yMax": 185,
      "minCx": 86,
      "maxCx": 215,
      "portalCx": 1,
      "downMinCx": 155,
      "downValidCy": 245,
      "commands": [
        "AttackRight",
        "AttackLeft",
        "Down"
      ]
    },
    {
      "name": "3F",
      "yMin": 194,
      "yMax": 216,
      "minCx": 37,
      "maxCx": 252,
      "teleportCx": 185,
      "commands": [
        "AttackLeft",
        "AttackRight",
        "TeleportUp"
      ]
    },
    {
      "name": "2F_L",
      "yMin": 230,
      "yMax": 252,
      "minCx": 37,
      "maxCx": 91,
      "teleportCx": 59,
      "commands": [
        "AttackRight",
        "AttackLeft",
        "TeleportUp"
      ]
    },
    {
      "name": "2F_R",
      "yMin": 230,
      "yMax": 252,
      "minCx": 140,
      "maxCx": 252,
      "portalCx": 1,
      "commands": [
        "AttackLeft",
        "AttackRight",
        "DOWN"
      ]
    },
    {
      "name": "1층",
      "yMin": 262,
      "yMax": 285,
      "minCx": 37,
      "maxCx": 252,
      "teleportCx": 83,
      "commands": [
        "AttackRight",
        "AttackLeft",
        "TeleportUp"
      ]
    }
  ]
}

