{
  "name": "MemoryLane4",
  "displayName": "[150] 타임로드 : 추억의 길4",
  "coordGroups": [
    {
      "key": "GRP_3F",
      "yMin": 194,
      "yMax": 216,
      "minCx": 37,
      "maxCx": 252
    }
  ],
  "bands": [
    {
      "name": "4F",
      "yMin": 174,
      "yMax": 185,
      "minCx": 37,
      "maxCx": 153,
      "portalCx": 1,
      "downValidCy": 241,
      "commands": [
        "AttackRight",
        "AttackLeft",
        "Down"
      ]
    },
    {
      "name": "3F",
      "yMin": 194,
      "yMax": 216,
      "minCx": 37,
      "maxCx": 252,
      "teleportCx": 145,
      "commands": [
        "AttackLeft",
        "AttackRight",
        "TeleportUp"
      ]
    },
    {
      "name": "2F",
      "yMin": 230,
      "yMax": 282,
      "minCx": 37,
      "maxCx": 211,
      "teleportCx": 81,
      "commands": [
        "AttackRight",
        "AttackLeft",
        "TeleportUp"
      ]
    },
    {
      "name": "1F",
      "yMin": 262,
      "yMax": 285,
      "minCx": 37,
      "maxCx": 252,
      "teleportCx": 187,
      "commands": [
        "AttackLeft",
        "AttackRight",
        "TeleportUp"
      ]
    }
  ]
}

