{
  "NAME": "OneWay",
  "DISPLAY_NAME": "공통 :1자맵",
  "MARGIN": 5,
  "BANDS": [
    {
      "NAME": "BAND_1",
      "Y_MIN": 150,
      "Y_MAX": 180,
      "MIN_CX": 0,
      "MAX_CX": 150,
      "PORTAL_CX": 0,
      "COMMANDS": [
        "MoveRight",
        "MoveLeft"
      ]
    },
    {
      "NAME": "BAND_2",
      "Y_MIN": 0,
      "Y_MAX": 150,
      "MIN_CX": 0,
      "MAX_CX": 150,
      "PORTAL_CX": 0,
      "COMMANDS": [
        "Down"
      ]
    }
  ]
}
