﻿{
  "NAME": "RoadOfRegrets3",
  "DISPLAY_NAME": "[150] 타임로드 : 후회의 길3",
  "SYNC_X": 37,
  "SYNC_Y": 286,
  "COORD_GROUPS": [
    {
      "KEY": "GRP_3F",
      "Y_MIN": 194,
      "Y_MAX": 216,
      "MIN_CX": 37,
      "MAX_CX": 252
    }
  ],
  "BANDS": [
    {
      "NAME": "4F",
      "Y_MIN": 174,
      "Y_MAX": 186,
      "MIN_CX": 37,
      "MAX_CX": 156,
      "PORTAL_CX": 1,
      "DOWN_VALID_CY": 261,
      "COMMANDS": [
        "AttackRight",
        "AttackLeft",
        "Down"
      ]
    },
    {
      "NAME": "3F",
      "Y_MIN": 194,
      "Y_MAX": 217,
      "MIN_CX": 37,
      "MAX_CX": 256,
      "TELEPORT_CX": 147,
      "TELEPORT_CY": 210,
      "COMMANDS": [
        "AttackLeft",
        "AttackRight",
        "TeleportUp"
      ]
    },
    {
      "NAME": "2F",
      "Y_MIN": 230,
      "Y_MAX": 253,
      "MIN_CX": 37,
      "MAX_CX": 216,
      "TELEPORT_CX": 83,
      "COMMANDS": [
        "AttackRight",
        "AttackLeft",
        "TeleportUp"
      ]
    },
    {
      "NAME": "1F",
      "Y_MIN": 262,
      "Y_MAX": 286,
      "MIN_CX": 37,
      "MAX_CX": 256,
      "TELEPORT_CX": 190,
      "COMMANDS": [
        "AttackLeft",
        "AttackRight",
        "TeleportUp"
      ]
    }
  ]
}
