﻿{
  "NAME": "RoadOfRegrets3",
  "DISPLAY_NAME": "[150] 타임로드 : 후회의 길3",
  "SYNC_X": 37,
  "SYNC_Y": 285,
  "COORD_GROUPS": [
    {
      "KEY": "GRP_3F",
      "Y_MIN": 194,
      "Y_MAX": 216,
      "MIN_CX": 37,
      "MAX_CX": 252
    }
  ],
  "BANDS": [
    {
      "NAME": "4F",
      "Y_MIN": 174,
      "Y_MAX": 185,
      "MIN_CX": 37,
      "MAX_CX": 153,
      "PORTAL_CX": 1,
      "DOWN_VALID_CY": 261,
      "COMMANDS": [
        "MoveRight",
        "MoveLeft",
        "Down"
      ]
    },
    {
      "NAME": "3F",
      "Y_MIN": 194,
      "Y_MAX": 216,
      "MIN_CX": 37,
      "MAX_CX": 252,
      "PORTAL_CX": 147,
      "PORTAL_MAX_Y": 209,
      "COMMANDS": [
        "MoveLeft",
        "MoveRight",
        "TeleportUp"
      ]
    },
    {
      "NAME": "2F",
      "Y_MIN": 230,
      "Y_MAX": 252,
      "MIN_CX": 37,
      "MAX_CX": 211,
      "PORTAL_CX": 81,
      "COMMANDS": [
        "MoveRight",
        "MoveLeft",
        "TeleportUp"
      ]
    },
    {
      "NAME": "1F",
      "Y_MIN": 262,
      "Y_MAX": 285,
      "MIN_CX": 37,
      "MAX_CX": 252,
      "PORTAL_CX": 187,
      "COMMANDS": [
        "MoveLeft",
        "MoveRight",
        "TeleportUp"
      ]
    }
  ]
}
