{
  "name": "RoadOfRegrets3",
  "displayName": "[150] 타임로드 : 후회의 길3",
  "syncX": 37,
  "syncY": 286,
  "coordGroups": [
    {
      "key": "GRP_3F",
      "y": {
        "min": 194,
        "max": 216
      },
      "x": {
        "min": 37,
        "max": 252
      }
    }
  ],
  "bands": [
    {
      "name": "4F",
      "commandVariants": [
        [
          {
            "cmd": "attack",
            "targetCx": "maxCx",
            "dir": "right"
          },
          {
            "cmd": "attack",
            "targetCx": "minCx",
            "dir": "left"
          },
          {
            "cmd": "down",
            "downValidCy": 261
          }
        ]
      ],
      "y": {
        "min": 174,
        "max": 186
      },
      "x": {
        "min": 37,
        "max": 156
      }
    },
    {
      "name": "3F",
      "teleportCy": 210,
      "commandVariants": [
        [
          {
            "cmd": "attack",
            "targetCx": "minCx",
            "dir": "left"
          },
          {
            "cmd": "attack",
            "targetCx": "maxCx",
            "dir": "right"
          },
          {
            "cmd": "teleport",
            "teleportCx": 147,
            "dir": "up"
          }
        ]
      ],
      "y": {
        "min": 194,
        "max": 217
      },
      "x": {
        "min": 37,
        "max": 256
      }
    },
    {
      "name": "2F",
      "commandVariants": [
        [
          {
            "cmd": "attack",
            "targetCx": "maxCx",
            "dir": "right"
          },
          {
            "cmd": "attack",
            "targetCx": "minCx",
            "dir": "left"
          },
          {
            "cmd": "teleport",
            "teleportCx": 83,
            "dir": "up"
          }
        ]
      ],
      "y": {
        "min": 230,
        "max": 253
      },
      "x": {
        "min": 37,
        "max": 216
      }
    },
    {
      "name": "1F",
      "commandVariants": [
        [
          {
            "cmd": "attack",
            "targetCx": "minCx",
            "dir": "left"
          },
          {
            "cmd": "attack",
            "targetCx": "maxCx",
            "dir": "right"
          },
          {
            "cmd": "teleport",
            "teleportCx": 190,
            "dir": "up"
          }
        ]
      ],
      "y": {
        "min": 262,
        "max": 286
      },
      "x": {
        "min": 37,
        "max": 256
      }
    }
  ]
}
