{
  "name": "RoadOfRegrets3",
  "displayName": "[150] 타임로드 : 후회의 길3",
  "syncX": 37,
  "syncY": 286,
  "coordGroups": [
    {
      "key": "GRP_3F",
      "yMin": 194,
      "yMax": 216,
      "minCx": 37,
      "maxCx": 252
    }
  ],
  "bands": [
    {
      "name": "4F",
      "yMin": 174,
      "yMax": 186,
      "minCx": 37,
      "maxCx": 156,
      "portalCx": 1,
      "downValidCy": 261,
      "commands": [
        "AttackRight",
        "AttackLeft",
        "Down"
      ]
    },
    {
      "name": "3F",
      "yMin": 194,
      "yMax": 217,
      "minCx": 37,
      "maxCx": 256,
      "teleportCx": 147,
      "teleportCy": 210,
      "commands": [
        "AttackLeft",
        "AttackRight",
        "TeleportUp"
      ]
    },
    {
      "name": "2F",
      "yMin": 230,
      "yMax": 253,
      "minCx": 37,
      "maxCx": 216,
      "teleportCx": 83,
      "commands": [
        "AttackRight",
        "AttackLeft",
        "TeleportUp"
      ]
    },
    {
      "name": "1F",
      "yMin": 262,
      "yMax": 286,
      "minCx": 37,
      "maxCx": 256,
      "teleportCx": 190,
      "commands": [
        "AttackLeft",
        "AttackRight",
        "TeleportUp"
      ]
    }
  ]
}

