{
  "NAME": "RoadOfRegrets2",
  "DISPLAY_NAME": "[150] 타임로드 : 후회의 길2",
  "MARGIN": 10,
  "COORD_GROUPS": [
    {
      "KEY": "GRP_3F",
      "Y_MIN": 194,
      "Y_MAX": 216,
      "MIN_CX": 37,
      "MAX_CX": 252
    }
  ],
  "BANDS": [
    {
      "NAME": "4F_L",
      "Y_MIN": 174,
      "Y_MAX": 185,
      "MIN_CX": 54,
      "MAX_CX": 119,
      "PORTAL_CX": 1,
      "COMMANDS": [
        "MoveRight",
        "MoveLeft",
        "Down"
      ]
    },
    {
      "NAME": "4F_R",
      "Y_MIN": 174,
      "Y_MAX": 185,
      "MIN_CX": 172,
      "MAX_CX": 237,
      "PORTAL_CX": 1,
      "DOWN_VALID_CY": 221,
      "COMMANDS": [
        "MoveRight",
        "MoveLeft",
        "Down"
      ]
    },
    {
      "COORD_KEY": "GRP_3F",
      "COORD_INDEX": 1,
      "NAME": "3F_L",
      "Y_MIN": 194,
      "Y_MAX": 216,
      "MIN_CX": 37,
      "MAX_CX": 252,
      "PORTAL_CX": 86,
      "COMMANDS": [
        "TeleportUp"
      ]
    },
    {
      "COORD_KEY": "GRP_3F",
      "COORD_INDEX": 2,
      "NAME": "3F_R",
      "Y_MIN": 194,
      "Y_MAX": 216,
      "MIN_CX": 37,
      "MAX_CX": 252,
      "PORTAL_CX": 230,
      "COMMANDS": [
        "MoveLeft",
        "MoveRight",
        "TeleportUp"
      ]
    },
    {
      "NAME": "2F-L",
      "Y_MIN": 230,
      "Y_MAX": 252,
      "MIN_CX": 37,
      "MAX_CX": 97,
      "PORTAL_CX": 68,
      "COMMANDS": [
        "MoveRight",
        "MoveLeft",
        "TeleportUp"
      ]
    },
    {
      "NAME": "2F-R",
      "Y_MIN": 230,
      "Y_MAX": 252,
      "MIN_CX": 123,
      "MAX_CX": 252,
      "PORTAL_CX": 1,
      "COMMANDS": [
        "MoveLeft",
        "MoveRight",
        "Down"
      ]
    },
    {
      "NAME": "1F",
      "Y_MIN": 262,
      "Y_MAX": 285,
      "MIN_CX": 37,
      "MAX_CX": 252,
      "PORTAL_CX": 85,
      "COMMANDS": [
        "MoveRight",
        "MoveLeft",
        "TeleportUp"
      ]
    }
  ]
}
