{
  "NAME": "RoadOfRegrets1",
  "DISPLAY_NAME": "[150] 타임로드 : 후회의 길1",
  "COORD_GROUPS": [
    {
      "KEY": "GRP_3F",
      "Y_MIN": 194,
      "Y_MAX": 216,
      "MIN_CX": 37,
      "MAX_CX": 252
    }
  ],
  "BANDS": [
    {
      "NAME": "4F_L",
      "Y_MIN": 174,
      "Y_MAX": 185,
      "MIN_CX": 37,
      "MAX_CX": 121,
      "PORTAL_CX": 1,
      "COMMANDS": [
        "AttackRight",
        "AttackLeft",
        "Down"
      ]
    },
    {
      "NAME": "4F_R",
      "Y_MIN": 174,
      "Y_MAX": 185,
      "MIN_CX": 183,
      "MAX_CX": 252,
      "PORTAL_CX": 1,
      "DOWN_VALID_CY": 221,
      "COMMANDS": [
        "AttackLeft",
        "AttackRight",
        "Down"
      ]
    },
    {
      "COORD_KEY": "GRP_3F",
      "COORD_INDEX": 1,
      "NAME": "3F_L",
      "Y_MIN": 194,
      "Y_MAX": 216,
      "MIN_CX": 37,
      "MAX_CX": 252,
      "TELEPORT_CX": 89,
      "COMMANDS": [
        "TeleportUp"
      ]
    },
    {
      "COORD_KEY": "GRP_3F",
      "COORD_INDEX": 2,
      "NAME": "3F_R",
      "Y_MIN": 194,
      "Y_MAX": 216,
      "MIN_CX": 37,
      "MAX_CX": 252,
      "TELEPORT_CX": 202,
      "COMMANDS": [
        "AttackLeft",
        "AttackRight",
        "TeleportUp"
      ]
    },
    {
      "NAME": "2F-L",
      "Y_MIN": 230,
      "Y_MAX": 252,
      "MIN_CX": 37,
      "MAX_CX": 121,
      "TELEPORT_CX": 78,
      "COMMANDS": [
        "AttackRight",
        "AttackLeft",
        "TeleportUp"
      ]
    },
    {
      "NAME": "2F-R",
      "Y_MIN": 230,
      "Y_MAX": 252,
      "MIN_CX": 163,
      "MAX_CX": 252,
      "PORTAL_CX": 1,
      "COMMANDS": [
        "AttackRight",
        "AttackLeft",
        "Down"
      ]
    },
    {
      "NAME": "1층",
      "Y_MIN": 262,
      "Y_MAX": 285,
      "MIN_CX": 37,
      "MAX_CX": 252,
      "TELEPORT_CX": 91,
      "COMMANDS": [
        "AttackRight",
        "AttackLeft",
        "TeleportUp"
      ]
    }
  ]
}
