{
  "name": "RoadOfRegrets1",
  "displayName": "[150] 타임로드 : 후회의 길1",
  "coordGroups": [
    {
      "key": "GRP_3F",
      "yMin": 194,
      "yMax": 216,
      "minCx": 37,
      "maxCx": 252
    }
  ],
  "bands": [
    {
      "name": "4F_L",
      "yMin": 174,
      "yMax": 185,
      "minCx": 37,
      "maxCx": 121,
      "portalCx": 1,
      "commandVariants": [
        [
          "AttackRight",
          "AttackLeft",
          "Down"
        ]
      ]
    },
    {
      "name": "4F_R",
      "yMin": 174,
      "yMax": 185,
      "minCx": 183,
      "maxCx": 252,
      "portalCx": 1,
      "downValidCy": 221,
      "commandVariants": [
        [
          "AttackLeft",
          "AttackRight",
          "Down"
        ]
      ]
    },
    {
      "coordKey": "GRP_3F",
      "coordIndex": 1,
      "name": "3F_L",
      "yMin": 194,
      "yMax": 216,
      "minCx": 37,
      "maxCx": 252,
      "teleportCx": 89,
      "commandVariants": [
        [
          "TeleportUp"
        ]
      ]
    },
    {
      "coordKey": "GRP_3F",
      "coordIndex": 2,
      "name": "3F_R",
      "yMin": 194,
      "yMax": 216,
      "minCx": 37,
      "maxCx": 252,
      "teleportCx": 202,
      "commandVariants": [
        [
          "AttackLeft",
          "AttackRight",
          "TeleportUp"
        ]
      ]
    },
    {
      "name": "2F-L",
      "yMin": 230,
      "yMax": 252,
      "minCx": 37,
      "maxCx": 121,
      "teleportCx": 78,
      "commandVariants": [
        [
          "AttackRight",
          "AttackLeft",
          "TeleportUp"
        ]
      ]
    },
    {
      "name": "2F-R",
      "yMin": 230,
      "yMax": 252,
      "minCx": 163,
      "maxCx": 252,
      "portalCx": 1,
      "commandVariants": [
        [
          "AttackRight",
          "AttackLeft",
          "Down"
        ]
      ]
    },
    {
      "name": "1층",
      "yMin": 262,
      "yMax": 285,
      "minCx": 37,
      "maxCx": 252,
      "teleportCx": 91,
      "commandVariants": [
        [
          "AttackRight",
          "AttackLeft",
          "TeleportUp"
        ]
      ]
    }
  ]
}
