﻿{
  "NAME": "RoadOfRegrets1",
  "DISPLAY_NAME": "[150] 타임로드 : 후회의 길1",
  "MARGIN": 10,
  "COORD_GROUPS": [
    {
      "KEY": "GRP_3F",
      "Y_MIN": 163,
      "Y_MAX": 185,
      "MIN_CX": 36,
      "MAX_CX": 251
    }
  ],
  "BANDS": [
    {
      "NAME": "4F_L",
      "Y_MIN": 143,
      "Y_MAX": 154,
      "MIN_CX": 36,
      "MAX_CX": 120,
      "PORTAL_CX": 0,
      "COMMANDS": [
        "MoveRight",
        "MoveLeft",
        "Down"
      ]
    },
    {
      "NAME": "4F_R",
      "Y_MIN": 143,
      "Y_MAX": 154,
      "MIN_CX": 182,
      "MAX_CX": 251,
      "PORTAL_CX": 0,
      "DOWN_VALID_CY": 190,
      "COMMANDS": [
        "MoveLeft",
        "MoveRight",
        "Down"
      ]
    },
    {
      "COORD_KEY": "GRP_3F",
      "COORD_INDEX": 1,
      "NAME": "3F_L",
      "Y_MIN": 163,
      "Y_MAX": 185,
      "MIN_CX": 36,
      "MAX_CX": 251,
      "PORTAL_CX": 88,
      "COMMANDS": [
        "TeleportUp"
      ]
    },
    {
      "COORD_KEY": "GRP_3F",
      "COORD_INDEX": 2,
      "NAME": "3F_R",
      "Y_MIN": 163,
      "Y_MAX": 185,
      "MIN_CX": 36,
      "MAX_CX": 251,
      "PORTAL_CX": 201,
      "COMMANDS": [
        "MoveLeft",
        "MoveRight",
        "TeleportUp"
      ]
    },
    {
      "NAME": "2F-L",
      "Y_MIN": 199,
      "Y_MAX": 221,
      "MIN_CX": 36,
      "MAX_CX": 120,
      "PORTAL_CX": 77,
      "COMMANDS": [
        "MoveRight",
        "MoveLeft",
        "TeleportUp"
      ]
    },
    {
      "NAME": "2F-R",
      "Y_MIN": 199,
      "Y_MAX": 221,
      "MIN_CX": 162,
      "MAX_CX": 251,
      "PORTAL_CX": 0,
      "COMMANDS": [
        "MoveRight",
        "MoveLeft",
        "Down"
      ]
    },
    {
      "NAME": "1층",
      "Y_MIN": 231,
      "Y_MAX": 254,
      "MIN_CX": 36,
      "MAX_CX": 251,
      "PORTAL_CX": 90,
      "COMMANDS": [
        "MoveRight",
        "MoveLeft",
        "TeleportUp"
      ]
    }
  ]
}
