{
  "name": "RoyalCactusDesert",
  "displayName": "로얄 카투스 사막",
  "bands": [
    {
      "name": "Band1",
      "yMin": 162,
      "yMax": 172,
      "minCx": 72,
      "maxCx": 214,
      "portalCx": 0,
      "portalCy": 0,
      "idleTimeoutMs": null,
      "huntBreakToleranceX": 20,
      "huntEndToleranceX": 30,
      "t1MoveThreshold": 20,
      "allowMinCx": 0,
      "allowMaxCx": 0,
      "downMinCx": null,
      "downMaxCx": null,
      "commandVariants": [
        [
          "AttackRight",
          "AttackLeft"
        ]
      ]
    },
    {
      "name": "Band2",
      "yMin": 140,
      "yMax": 161,
      "minCx": 27,
      "maxCx": 258,
      "portalCx": 0,
      "portalCy": 0,
      "idleTimeoutMs": null,
      "huntBreakToleranceX": null,
      "huntEndToleranceX": null,
      "t1MoveThreshold": null,
      "allowMinCx": null,
      "allowMaxCx": null,
      "downMinCx": null,
      "downMaxCx": null,
      "commandVariants": [
        [
          "Down"
        ]
      ]
    }
  ]
}
