{
  "NAME": "SilentSwamp",
  "DISPLAY_NAME": "슬리피우드 : 조용한 습지",
  "BANDS": [
    {
      "NAME": "5층",
      "Y_MIN": 124,
      "Y_MAX": 134,
      "MIN_CX": 173,
      "MAX_CX": 185,
      "PORTAL_CX": 0,
      "COMMANDS": [
        "JumpLeft"
      ]
    },
    {
      "NAME": "4층",
      "Y_MIN": 135,
      "Y_MAX": 145,
      "MIN_CX": 84,
      "MAX_CX": 177,
      "PORTAL_CX": 0,
      "DOWN_MIN_CX": 100, 
      "COMMANDS": [
        "AttackRight",
        "AttackLeft",
        "Down"
      ]
    },    
    {
      "NAME": "3층",
      "Y_MIN": 162,
      "Y_MAX": 172,
      "MIN_CX": 91,
      "MAX_CX": 185,
      "PORTAL_CX": 0,
      "DOWN_MAX_CX": 155, 
      "COMMANDS": [
        "AttackLeft",
        "AttackRight",
        "DownLeft"
      ]
    },    
    {
      "NAME": "2층",
      "Y_MIN": 184,
      "Y_MAX": 194,
      "MIN_CX": 92,
      "MAX_CX": 175,
      "PORTAL_CX": 0,
      "COMMANDS": [
        "AttackRight",
        "AttackLeft",
        "Down"
      ]
    },
    {
      "NAME": "1층",
      "Y_MIN": 206,
      "Y_MAX": 221,
      "MIN_CX": 97,
      "MAX_CX": 189,
      "PORTAL_CX": 180,
      "ALLOW_MIN_CX":72,
      "COMMANDS": [
        "AttackLeft",
        "AttackRight",
        "Portal"
      ]
    }
  ]
}
