{
  "name": "TallCastleWalls1",
  "displayName": "사자왕의성 : 높은 성벽 1",
  "bands": [
    {
      "name": "2층",
      "commandVariants": [
        [
          {
            "cmd": "attack",
            "targetCx": "maxCx",
            "dir": "right"
          },
          {
            "cmd": "attack",
            "targetCx": "minCx",
            "dir": "left"
          },
          {
            "cmd": "down",
            "dir": "left"
          }
        ]
      ],
      "y": {
        "min": 217,
        "max": 228
      },
      "x": {
        "min": 100,
        "max": 190
      }
    },
    {
      "name": "1층",
      "teleportCy": 250,
      "commandVariants": [
        [
          {
            "cmd": "attack",
            "targetCx": "minCx",
            "dir": "left"
          },
          {
            "cmd": "attack",
            "targetCx": "maxCx",
            "dir": "right"
          },
          {
            "cmd": "teleport",
            "teleportCx": 180,
            "dir": "up"
          }
        ]
      ],
      "y": {
        "min": 233,
        "max": 255
      },
      "x": {
        "min": 90,
        "max": 200
      },
      "allowX": {
        "min": 52,
        "max": 237
      }
    }
  ]
}
