﻿{
  "NAME": "TallCastleWalls1",
  "DISPLAY_NAME": "사자왕의성 : 높은 성벽 1",
  "MARGIN": 10,
  "BANDS": [
    {
      "NAME": "2층",
      "Y_MIN": 208,
      "Y_MAX": 228,
      "MIN_CX": 95,
      "MAX_CX": 188,
      "PORTAL_CX": 0,
      "COMMANDS": [
        "MoveRight",
        "MoveLeft",
        "DownLeft"
      ]
    },
    {
      "NAME": "1층",
      "Y_MIN": 233,
      "Y_MAX": 257,
      "MIN_CX": 87,
      "MAX_CX": 197,
      "ALLOW_MIN_CX": 52,
      "ALLOW_MAX_CX": 237,
      "PORTAL_CX": 175,
      "PORTAL_CY": 247,
      "COMMANDS": [
        "MoveLeft",
        "MoveRight",
        "TeleportUp"
      ]
    }
  ]
}
