{
  "name": "TallCastleWalls1",
  "displayName": "사자왕의성 : 높은 성벽 1",
  "bands": [
    {
      "name": "2층",
      "minCx": 100,
      "maxCx": 190,
      "yMin": 217,
      "yMax": 228,
      "portalCx": 0,
      "commands": [
        "AttackRight",
        "AttackLeft",
        "DownLeft"
      ]
    },
    {
      "name": "1층",
      "minCx": 90,
      "maxCx": 200,
      "yMin": 233,
      "yMax": 255,
      "allowMinCx": 52,
      "allowMaxCx": 237,
      "teleportCx": 180,
      "teleportCy": 250,
      "commands": [
        "AttackLeft",
        "AttackRight",
        "TeleportUp"
      ]
    }
  ]
}

