{
  "name": "TwistedTime",
  "displayName": "시계탑 최하층:꼬여버린 시간",
  "bands": [
    {
      "name": "BAND_1",
      "yMin": 115,
      "yMax": 130,
      "minCx": 120,
      "maxCx": 220,
      "portalCx": 0,
      "commands": [
        "AttackRight",
        "AttackLeft",
        "Down"
      ]
    },
    {
      "name": "BAND_2",
      "yMin": 150,
      "yMax": 165,
      "minCx": 83,
      "maxCx": 165,
      "portalCx": 0,
      "commands": [
        "AttackLeft",
        "AttackRight",
        "Down"
      ]
    },
    {
      "name": "BAND_3",
      "yMin": 190,
      "yMax": 200,
      "minCx": 120,
      "maxCx": 220,
      "portalCx": 0,
      "commands": [
        "AttackRight",
        "AttackLeft",
        "JumpLeft"
      ]
    },
    {
      "name": "BAND_4",
      "yMin": 206,
      "yMax": 215,
      "minCx": 60,
      "maxCx": 114,
      "portalCx": 0,
      "commands": [
        "AttackLeft",
        "AttackRight",
        "Down"
      ]
    },
    {
      "name": "BAND_5",
      "yMin": 225,
      "yMax": 240,
      "minCx": 90,
      "maxCx": 180,
      "portalCx": 0,
      "downMaxCx": 160,
      "commands": [
        "AttackLeft",
        "AttackRight",
        "Down"
      ]
    },
    {
      "name": "BAND_6",
      "yMin": 255,
      "yMax": 270,
      "minCx": 90,
      "maxCx": 165,
      "portalCx": 0,
      "downMinCx": 120,
      "commands": [
        "AttackRight",
        "AttackLeft",
        "Down"
      ]
    },
    {
      "name": "BAND_7",
      "yMin": 295,
      "yMax": 310,
      "minCx": 115,
      "maxCx": 220,
      "portalCx": 0,
      "commands": [
        "AttackLeft",
        "AttackRight",
        "Down"
      ]
    },
    {
      "name": "BAND_8",
      "yMin": 330,
      "yMax": 345,
      "minCx": 53,
      "maxCx": 230,
      "portalCx": 85,
      "commands": [
        "AttackRight",
        "AttackLeft",
        "Portal"
      ]
    }
  ]
}

