{
  "name": "TwistedTime",
  "displayName": "시계탑 최하층:꼬여버린 시간",
  "bands": [
    {
      "name": "BAND_1",
      "commandVariants": [
        [
          {
            "cmd": "attack",
            "targetCx": "maxCx",
            "dir": "right"
          },
          {
            "cmd": "attack",
            "targetCx": "minCx",
            "dir": "left"
          },
          {
            "cmd": "down"
          }
        ]
      ],
      "y": {
        "min": 115,
        "max": 130
      },
      "x": {
        "min": 120,
        "max": 220
      }
    },
    {
      "name": "BAND_2",
      "commandVariants": [
        [
          {
            "cmd": "attack",
            "targetCx": "minCx",
            "dir": "left"
          },
          {
            "cmd": "attack",
            "targetCx": "maxCx",
            "dir": "right"
          },
          {
            "cmd": "down"
          }
        ]
      ],
      "y": {
        "min": 150,
        "max": 165
      },
      "x": {
        "min": 83,
        "max": 165
      }
    },
    {
      "name": "BAND_3",
      "commandVariants": [
        [
          {
            "cmd": "attack",
            "targetCx": "maxCx",
            "dir": "right"
          },
          {
            "cmd": "attack",
            "targetCx": "minCx",
            "dir": "left"
          },
          {
            "cmd": "jump",
            "dir": "left"
          }
        ]
      ],
      "y": {
        "min": 190,
        "max": 200
      },
      "x": {
        "min": 120,
        "max": 220
      }
    },
    {
      "name": "BAND_4",
      "commandVariants": [
        [
          {
            "cmd": "attack",
            "targetCx": "minCx",
            "dir": "left"
          },
          {
            "cmd": "attack",
            "targetCx": "maxCx",
            "dir": "right"
          },
          {
            "cmd": "down"
          }
        ]
      ],
      "y": {
        "min": 206,
        "max": 215
      },
      "x": {
        "min": 60,
        "max": 114
      }
    },
    {
      "name": "BAND_5",
      "commandVariants": [
        [
          {
            "cmd": "attack",
            "targetCx": "minCx",
            "dir": "left"
          },
          {
            "cmd": "attack",
            "targetCx": "maxCx",
            "dir": "right"
          },
          {
            "cmd": "down",
            "downMaxCx": 160
          }
        ]
      ],
      "y": {
        "min": 225,
        "max": 240
      },
      "x": {
        "min": 90,
        "max": 180
      }
    },
    {
      "name": "BAND_6",
      "commandVariants": [
        [
          {
            "cmd": "attack",
            "targetCx": "maxCx",
            "dir": "right"
          },
          {
            "cmd": "attack",
            "targetCx": "minCx",
            "dir": "left"
          },
          {
            "cmd": "down",
            "downMinCx": 120
          }
        ]
      ],
      "y": {
        "min": 255,
        "max": 270
      },
      "x": {
        "min": 90,
        "max": 165
      }
    },
    {
      "name": "BAND_7",
      "commandVariants": [
        [
          {
            "cmd": "attack",
            "targetCx": "minCx",
            "dir": "left"
          },
          {
            "cmd": "attack",
            "targetCx": "maxCx",
            "dir": "right"
          },
          {
            "cmd": "down"
          }
        ]
      ],
      "y": {
        "min": 295,
        "max": 310
      },
      "x": {
        "min": 115,
        "max": 220
      }
    },
    {
      "name": "BAND_8",
      "commandVariants": [
        [
          {
            "cmd": "attack",
            "targetCx": "maxCx",
            "dir": "right"
          },
          {
            "cmd": "attack",
            "targetCx": "minCx",
            "dir": "left"
          },
          {
            "cmd": "portal",
            "portalCx": 85
          }
        ]
      ],
      "y": {
        "min": 330,
        "max": 345
      },
      "x": {
        "min": 53,
        "max": 230
      }
    }
  ]
}
