﻿{
  "NAME": "TwistedTime",
  "DISPLAY_NAME": "시계탑 최하층:꼬여버린 시간",
  "MARGIN": 5,
  "BANDS": [
    {
      "Y_MIN": 115,
      "Y_MAX": 130,
      "MIN_CX": 120,
      "MAX_CX": 220,
      "PORTAL_CX": 0,
      "COMMANDS": [
        "MoveRight",
        "MoveLeft",
        "Down"
      ]
    },
    {
      "Y_MIN": 150,
      "Y_MAX": 165,
      "MIN_CX": 90,
      "MAX_CX": 165,
      "PORTAL_CX": 0,
      "COMMANDS": [
        "MoveLeft",
        "MoveRight",
        "Down"
      ]
    },
    {
      "Y_MIN": 190,
      "Y_MAX": 205,
      "MIN_CX": 120,
      "MAX_CX": 220,
      "PORTAL_CX": 0,
      "COMMANDS": [
        "MoveRight",
        "MoveLeft",
        "Jump"
      ]
    },
    {
      "Y_MIN": 206,
      "Y_MAX": 215,
      "MIN_CX": 60,
      "MAX_CX": 114,
      "PORTAL_CX": 0,
      "COMMANDS": [
        "MoveLeft",
        "MoveRight",
        "Down"
      ]
    },
    {
      "Y_MIN": 225,
      "Y_MAX": 240,
      "MIN_CX": 90,
      "MAX_CX": 180,
      "PORTAL_CX": 0,
      "COMMANDS": [
        "MoveLeft",
        "MoveRight",
        "MoveCenter",
        "Down"
      ]
    },
    {
      "Y_MIN": 255,
      "Y_MAX": 270,
      "MIN_CX": 90,
      "MAX_CX": 165,
      "PORTAL_CX": 0,
      "COMMANDS": [
        "MoveLeft",
        "MoveRight",
        "Down"
      ]
    },
    {
      "Y_MIN": 295,
      "Y_MAX": 310,
      "MIN_CX": 115,
      "MAX_CX": 220,
      "PORTAL_CX": 0,
      "COMMANDS": [
        "MoveLeft",
        "MoveRight",
        "Down"
      ]
    },
    {
      "Y_MIN": 330,
      "Y_MAX": 345,
      "MIN_CX": 53,
      "MAX_CX": 230,
      "PORTAL_CX": 85,
      "COMMANDS": [
        "MoveRight",
        "MoveLeft",
        "Portal"
      ]
    }
  ]
}
