﻿{
  "name": "TwistedTime",
  "displayName": "시계탑 최하층 : 꼬여버린 시간",
  "margin": 5,
  "bands": [
    {
      "yMin": 115,
      "yMax": 130,
      "minCx": 120,
      "maxCx": 220,
      "portalCx": 0,
      "commands": [
        "MoveRight",
        "MoveLeft",
        "Down"
      ]
    },
    {
      "yMin": 150,
      "yMax": 165,
      "minCx": 90,
      "maxCx": 165,
      "portalCx": 0,
      "commands": [
        "MoveLeft",
        "MoveRight",
        "Down"
      ]
    },
    {
      "yMin": 190,
      "yMax": 205,
      "minCx": 120,
      "maxCx": 220,
      "portalCx": 0,
      "commands": [
        "MoveRight",
        "MoveLeft",
        "Jump"
      ]
    },
    {
      "yMin": 206,
      "yMax": 215,
      "minCx": 60,
      "maxCx": 114,
      "portalCx": 0,
      "commands": [
        "MoveLeft",
        "MoveRight",
        "Down"
      ]
    },
    {
      "yMin": 225,
      "yMax": 240,
      "minCx": 90,
      "maxCx": 180,
      "portalCx": 0,
      "commands": [
        "MoveLeft",
        "MoveRight",
        "MoveCenter",
        "Down"
      ]
    },
    {
      "yMin": 255,
      "yMax": 270,
      "minCx": 90,
      "maxCx": 165,
      "portalCx": 0,
      "commands": [
        "MoveLeft",
        "MoveRight",
        "Down"
      ]
    },
    {
      "yMin": 295,
      "yMax": 310,
      "minCx": 115,
      "maxCx": 220,
      "portalCx": 0,
      "commands": [
        "MoveLeft",
        "MoveRight",
        "Down"
      ]
    },
    {
      "yMin": 330,
      "yMax": 345,
      "minCx": 53,
      "maxCx": 230,
      "portalCx": 85,
      "commands": [
        "MoveRight",
        "MoveLeft",
        "Portal"
      ]
    }
  ]
}
