{
  "name": "UnbalancedTime",
  "displayName": "시계탑 최하층 : 삐뚫어진 시간",
  "bands": [
    {
      "name": "9층",
      "yMin": 149,
      "yMax": 158,
      "minCx": 169,
      "maxCx": 190,
      "portalCx": 0,
      "commands": [
        "JumpLeft"
      ]
    },
    {
      "name": "8층",
      "yMin": 164,
      "yMax": 173,
      "minCx": 105,
      "maxCx": 155,
      "portalCx": 0,
      "commands": [
        "AttackRight",
        "AttackLeft",
        "DownRight"
      ]
    },
    {
      "name": "7층",
      "yMin": 181,
      "yMax": 190,
      "minCx": 100,
      "maxCx": 175,
      "portalCx": 0,
      "downMaxCx": 145,
      "commands": [
        "AttackLeft",
        "AttackRight",
        "DownLeft"
      ]
    },
    {
      "name": "6층",
      "yMin": 236,
      "yMax": 245,
      "minCx": 105,
      "maxCx": 150,
      "portalCx": 0,
      "downMinCx": 115,
      "commands": [
        "AttackRight",
        "AttackLeft",
        "DownRight"
      ]
    },
    {
      "name": "5층",
      "yMin": 261,
      "yMax": 270,
      "minCx": 105,
      "maxCx": 175,
      "portalCx": 0,
      "downMaxCx": 146,
      "commands": [
        "AttackLeft",
        "AttackRight",
        "DownLeft"
      ]
    },
    {
      "name": "4층",
      "yMin": 303,
      "yMax": 312,
      "minCx": 105,
      "maxCx": 151,
      "portalCx": 0,
      "commands": [
        "AttackRight",
        "AttackLeft",
        "DownRight"
      ]
    },    
    {
      "name": "3층",
      "yMin": 323,
      "yMax": 332,
      "minCx": 103,
      "maxCx": 178,
      "portalCx": 0,
      "downMaxCx": 170, 
      "commands": [
        "AttackLeft",
        "AttackRight",
        "DownLeft"
      ]
    },    
    {
      "name": "2층",
      "yMin": 352,
      "yMax": 361,
      "minCx": 105,
      "maxCx": 175,
      "portalCx": 0,
      "commands": [
        "AttackRight",
        "AttackLeft",
        "Down"
      ]
    },
    {
      "name": "1층",
      "yMin": 388,
      "yMax": 397,
      "minCx": 66,
      "maxCx": 219,
      "portalCx": 180,
      "commands": [
        "AttackLeft",
        "AttackRight",
        "Portal"
      ]
    }
  ]
}

