﻿{
  "NAME": "UnbalancedTime",
  "DISPLAY_NAME": "시계탑 최하층 : 삐뚫어진 시간",
  "MARGIN": 5,
  "BANDS": [
    {
      "NAME": "9층",
      "Y_MIN": 149,
      "Y_MAX": 158,
      "MIN_CX": 169,
      "MAX_CX": 190,
      "PORTAL_CX": 0,
      "COMMANDS": [
        "JumpLeft"
      ]
    },
    {
      "NAME": "8층",
      "Y_MIN": 164,
      "Y_MAX": 173,
      "MIN_CX": 105,
      "MAX_CX": 155,
      "PORTAL_CX": 0,
      "COMMANDS": [
        "MoveRight",
        "MoveLeft",
        "DownRight"
      ]
    },
    {
      "NAME": "7층",
      "Y_MIN": 181,
      "Y_MAX": 190,
      "MIN_CX": 100,
      "MAX_CX": 175,
      "PORTAL_CX": 0,
      "DOWN_MAX_CX": 145,
      "COMMANDS": [
        "MoveLeft",
        "MoveRight",
        "DownLeft"
      ]
    },
    {
      "NAME": "6층",
      "Y_MIN": 236,
      "Y_MAX": 245,
      "MIN_CX": 105,
      "MAX_CX": 150,
      "PORTAL_CX": 0,
      "DOWN_MIN_CX": 115,
      "COMMANDS": [
        "MoveRight",
        "MoveLeft",
        "DownRight"
      ]
    },
    {
      "NAME": "5층",
      "Y_MIN": 261,
      "Y_MAX": 270,
      "MIN_CX": 105,
      "MAX_CX": 175,
      "PORTAL_CX": 0,
      "DOWN_MAX_CX": 146,
      "COMMANDS": [
        "MoveLeft",
        "MoveRight",
        "DownLeft"
      ]
    },
    {
      "NAME": "4층",
      "Y_MIN": 303,
      "Y_MAX": 312,
      "MIN_CX": 105,
      "MAX_CX": 151,
      "PORTAL_CX": 0,
      "COMMANDS": [
        "MoveRight",
        "MoveLeft",
        "DownRight"
      ]
    },    
    {
      "NAME": "3층",
      "Y_MIN": 323,
      "Y_MAX": 332,
      "MIN_CX": 103,
      "MAX_CX": 178,
      "PORTAL_CX": 0,
      "DOWN_MAX_CX": 170, 
      "COMMANDS": [
        "MoveLeft",
        "MoveRight",
        "DownLeft"
      ]
    },    
    {
      "NAME": "2층",
      "Y_MIN": 352,
      "Y_MAX": 361,
      "MIN_CX": 105,
      "MAX_CX": 175,
      "PORTAL_CX": 0,
      "COMMANDS": [
        "MoveRight",
        "MoveLeft",
        "Down"
      ]
    },
    {
      "NAME": "1층",
      "Y_MIN": 388,
      "Y_MAX": 397,
      "MIN_CX": 66,
      "MAX_CX": 219,
      "PORTAL_CX": 180,
      "COMMANDS": [
        "MoveLeft",
        "MoveRight",
        "Portal"
      ]
    }
  ]
}
