{
  "name": "UnbalancedTime",
  "displayName": "시계탑 최하층 : 삐뚫어진 시간",
  "bands": [
    {
      "name": "9층",
      "commandVariants": [
        [
          {
            "cmd": "jump",
            "dir": "left"
          }
        ]
      ],
      "y": {
        "min": 149,
        "max": 158
      },
      "x": {
        "min": 169,
        "max": 190
      }
    },
    {
      "name": "8층",
      "commandVariants": [
        [
          {
            "cmd": "attack",
            "targetCx": "maxCx",
            "dir": "right"
          },
          {
            "cmd": "attack",
            "targetCx": "minCx",
            "dir": "left"
          },
          {
            "cmd": "down",
            "dir": "right"
          }
        ]
      ],
      "y": {
        "min": 164,
        "max": 173
      },
      "x": {
        "min": 105,
        "max": 155
      }
    },
    {
      "name": "7층",
      "commandVariants": [
        [
          {
            "cmd": "attack",
            "targetCx": "minCx",
            "dir": "left"
          },
          {
            "cmd": "attack",
            "targetCx": "maxCx",
            "dir": "right"
          },
          {
            "cmd": "down",
            "dir": "left",
            "downMaxCx": 145
          }
        ]
      ],
      "y": {
        "min": 181,
        "max": 190
      },
      "x": {
        "min": 100,
        "max": 175
      }
    },
    {
      "name": "6층",
      "commandVariants": [
        [
          {
            "cmd": "attack",
            "targetCx": "maxCx",
            "dir": "right"
          },
          {
            "cmd": "attack",
            "targetCx": "minCx",
            "dir": "left"
          },
          {
            "cmd": "down",
            "dir": "right",
            "downMinCx": 115
          }
        ]
      ],
      "y": {
        "min": 236,
        "max": 245
      },
      "x": {
        "min": 105,
        "max": 150
      }
    },
    {
      "name": "5층",
      "commandVariants": [
        [
          {
            "cmd": "attack",
            "targetCx": "minCx",
            "dir": "left"
          },
          {
            "cmd": "attack",
            "targetCx": "maxCx",
            "dir": "right"
          },
          {
            "cmd": "down",
            "dir": "left",
            "downMaxCx": 146
          }
        ]
      ],
      "y": {
        "min": 261,
        "max": 270
      },
      "x": {
        "min": 105,
        "max": 175
      }
    },
    {
      "name": "4층",
      "commandVariants": [
        [
          {
            "cmd": "attack",
            "targetCx": "maxCx",
            "dir": "right"
          },
          {
            "cmd": "attack",
            "targetCx": "minCx",
            "dir": "left"
          },
          {
            "cmd": "down",
            "dir": "right"
          }
        ]
      ],
      "y": {
        "min": 303,
        "max": 312
      },
      "x": {
        "min": 105,
        "max": 151
      }
    },
    {
      "name": "3층",
      "commandVariants": [
        [
          {
            "cmd": "attack",
            "targetCx": "minCx",
            "dir": "left"
          },
          {
            "cmd": "attack",
            "targetCx": "maxCx",
            "dir": "right"
          },
          {
            "cmd": "down",
            "dir": "left",
            "downMaxCx": 170
          }
        ]
      ],
      "y": {
        "min": 323,
        "max": 332
      },
      "x": {
        "min": 103,
        "max": 178
      }
    },
    {
      "name": "2층",
      "commandVariants": [
        [
          {
            "cmd": "attack",
            "targetCx": "maxCx",
            "dir": "right"
          },
          {
            "cmd": "attack",
            "targetCx": "minCx",
            "dir": "left"
          },
          {
            "cmd": "down"
          }
        ]
      ],
      "y": {
        "min": 352,
        "max": 361
      },
      "x": {
        "min": 105,
        "max": 175
      }
    },
    {
      "name": "1층",
      "commandVariants": [
        [
          {
            "cmd": "attack",
            "targetCx": "minCx",
            "dir": "left"
          },
          {
            "cmd": "attack",
            "targetCx": "maxCx",
            "dir": "right"
          },
          {
            "cmd": "portal",
            "portalCx": 180
          }
        ]
      ],
      "y": {
        "min": 388,
        "max": 397
      },
      "x": {
        "min": 66,
        "max": 219
      }
    }
  ]
}
