{
  "name": "VeryTallCastleWalls",
  "displayName": "사자왕의성 : 아주 높은 성벽",
  "bands": [
    {
      "name": "3층",
      "commandVariants": [
        [
          {
            "cmd": "down"
          }
        ]
      ],
      "y": {
        "min": 153,
        "max": 162
      },
      "x": {
        "min": 52,
        "max": 191
      }
    },
    {
      "name": "2층",
      "commandVariants": [
        [
          {
            "cmd": "attack",
            "targetCx": "minCx",
            "dir": "left"
          },
          {
            "cmd": "attack",
            "targetCx": "maxCx",
            "dir": "right"
          },
          {
            "cmd": "teleport",
            "dir": "down"
          }
        ]
      ],
      "y": {
        "min": 192,
        "max": 201
      },
      "x": {
        "min": 49,
        "max": 185
      },
      "allowX": {
        "min": null,
        "max": 201
      }
    },
    {
      "name": "1층",
      "commandVariants": [
        [
          {
            "cmd": "attack",
            "targetCx": "maxCx",
            "dir": "right"
          },
          {
            "cmd": "attack",
            "targetCx": "minCx",
            "dir": "left"
          },
          {
            "cmd": "teleport",
            "dir": "up"
          }
        ]
      ],
      "y": {
        "min": 209,
        "max": 223
      },
      "x": {
        "min": 49,
        "max": 192
      }
    }
  ]
}
