{
  "name": "VeryTallCastleWalls",
  "displayName": "사자왕의성 : 아주 높은 성벽",
  "bands": [
    {
      "name": "3층",
      "yMin": 153,
      "yMax": 162,
      "minCx": 52,
      "maxCx": 191,
      "portalCx": 0,
      "commandVariants": [
        [
          "Down"
        ]
      ]
    },
    {
      "name": "2층",
      "yMin": 192,
      "yMax": 201,
      "minCx": 49,
      "maxCx": 185,
      "portalCx": 0,
      "allowMaxCx": 201,
      "commandVariants": [
        [
          "AttackLeft",
          "AttackRight",
          "TeleportDown"
        ]
      ]
    },
    {
      "name": "1층",
      "yMin": 209,
      "yMax": 223,
      "minCx": 49,
      "maxCx": 192,
      "commandVariants": [
        [
          "AttackRight",
          "AttackLeft",
          "TeleportUp"
        ]
      ]
    }
  ]
}
