﻿{
  "NAME": "VeryTallCastleWalls",
  "DISPLAY_NAME": "사자왕의성 : 아주 높은 성벽",
  "MARGIN": 5,
  "BANDS": [
    {
      "NAME": "3층",
      "Y_MIN": 153,
      "Y_MAX": 162,
      "MIN_CX": 52,
      "MAX_CX": 191,
      "PORTAL_CX": 0,
      "COMMANDS": [
        "Down"
      ]
    },
    {
      "NAME": "2층",
      "Y_MIN": 192,
      "Y_MAX": 201,
      "MIN_CX": 52,
      "MAX_CX": 185,
      "PORTAL_CX": 0,
      "COMMANDS": [
        "MoveLeft",
        "MoveRight",
        "TeleportDown"
      ]
    },
    {
      "NAME": "1층",
      "Y_MIN": 209,
      "Y_MAX": 223,
      "MIN_CX": 51,
      "MAX_CX": 194,
      "ALLOW_MAX_CX": 203,
      "COMMANDS": [
        "MoveRight",
        "MoveLeft",
        "TeleportUp"
      ]
    }
  ]
}
