{
  "name": "WestLeafreForest",
  "displayName": "[100] 미나르숲 : 리프레 서쪽 숲",
  "syncX": 45,
  "syncY": 230,
  "coordGroups": [
    {
      "key": "GRP_2F",
      "yMin": 200,
      "yMax": 205,
      "minCx": 94,
      "maxCx": 190
    }
  ],
  "bands": [
    {
      "name": "4F",
      "yMin": 161,
      "yMax": 177,
      "minCx": 119,
      "maxCx": 167,
      "portalCx": 0,
      "downValidCy": 195,
      "commands": [
        "Down"
      ]
    },
    {
      "name": "3F_L",
      "yMin": 178,
      "yMax": 183,
      "minCx": 52,
      "maxCx": 115,
      "portalCx": 0,
      "downValidCy": 190,
      "commands": [
        "AttackLeft",
        "AttackRight",
        "DownRight"
      ],
      "arrElusiveX": [ 
        { "x": 106, "dir": "Right" },
      ]
    },
    {
      "name": "3F_R",
      "yMin": 178,
      "yMax": 183,
      "minCx": 170,
      "maxCx": 242,
      "portalCx": 0,
      "downValidCy": 190,
      "commands": [
        "AttackRight",
        "AttackLeft",
        "DownLeft"
      ],
      "arrElusiveX": [ 
        { "x": 180, "dir": "Left" },
      ]
    },
    {
      "coordKey": "GRP_2F",
      "coordIndex": 1,
      "name": "2F_L",
      "yMin": 200,
      "yMax": 205,
      "minCx": 94,
      "maxCx": 190,
      "portalCx": 0,
      "commands": [
        "AttackRight",
        "AttackLeft",
        "TeleportUp"
      ],
      "arrElusiveX": [ 
        { "x": 106, "dir": "Left" },
      ]
    },
    {
      "coordKey": "GRP_2F",
      "coordIndex": 1,
      "name": "2F_R",
      "yMin": 200,
      "yMax": 205,
      "minCx": 94,
      "maxCx": 190,
      "portalCx": 0,
      "commands": [
        "AttackLeft",
        "AttackRight",
        "TeleportUp"
      ],
      "arrElusiveX": [ 
        { "x": 180, "dir": "Right" },
      ]
    },
    {
      "name": "1F_L",
      "yMin": 225,
      "yMax": 242,
      "minCx": 45,
      "maxCx": 147,
      "ropeCx": 63,
      "ropeTargetCy": 183,
      "commands": [
        "RopeUp"
      ]
    },
    {
      "name": "1F_R",
      "yMin": 225,
      "yMax": 242,
      "minCx": 148,
      "maxCx": 249,
      "ropeCx": 224,
      "ropeTargetCy": 183,
      "commands": [
        "RopeUp"
      ]
    }
  ]
}


