﻿{
  "NAME": "WestLeafreForest",
  "DISPLAY_NAME": "[100] 미나르숲 : 리프레 서쪽 숲",
  "SYNC_X": 45,
  "SYNC_Y": 230,
  "COORD_GROUPS": [
    {
      "KEY": "GRP_2F",
      "Y_MIN": 200,
      "Y_MAX": 205,
      "MIN_CX": 94,
      "MAX_CX": 190
    }
  ],
  "BANDS": [
    {
      "NAME": "4F",
      "Y_MIN": 161,
      "Y_MAX": 177,
      "MIN_CX": 119,
      "MAX_CX": 167,
      "PORTAL_CX": 0,
      "DOWN_VALID_CY": 195,
      "COMMANDS": [
        "Down"
      ]
    },
    {
      "NAME": "3F_L",
      "Y_MIN": 178,
      "Y_MAX": 183,
      "MIN_CX": 52,
      "MAX_CX": 115,
      "PORTAL_CX": 0,
      "DOWN_VALID_CY": 195,
      "COMMANDS": [
        "AttackLeft",
        "AttackRight",
        "DownRight"
      ],
      "ARR_ELUSIVE_X": [ 
        { "X": 106, "DIR": "Right" },
      ]
    },
    {
      "NAME": "3F_R",
      "Y_MIN": 178,
      "Y_MAX": 183,
      "MIN_CX": 170,
      "MAX_CX": 242,
      "PORTAL_CX": 0,
      "DOWN_VALID_CY": 195,
      "COMMANDS": [
        "AttackRight",
        "AttackLeft",
        "DownLeft"
      ],
      "ARR_ELUSIVE_X": [ 
        { "X": 180, "DIR": "Left" },
      ]
    },
    {
      "COORD_KEY": "GRP_2F",
      "COORD_INDEX": 1,
      "NAME": "2F_L",
      "Y_MIN": 200,
      "Y_MAX": 205,
      "MIN_CX": 94,
      "MAX_CX": 190,
      "PORTAL_CX": 0,
      "COMMANDS": [
        "AttackRight",
        "AttackLeft",
        "TeleportUp"
      ],
      "ARR_ELUSIVE_X": [ 
        { "X": 106, "DIR": "Left" },
      ]
    },
    {
      "COORD_KEY": "GRP_2F",
      "COORD_INDEX": 1,
      "NAME": "2F_R",
      "Y_MIN": 200,
      "Y_MAX": 205,
      "MIN_CX": 94,
      "MAX_CX": 190,
      "PORTAL_CX": 0,
      "COMMANDS": [
        "AttackLeft",
        "AttackRight",
        "TeleportUp"
      ],
      "ARR_ELUSIVE_X": [ 
        { "X": 180, "DIR": "Right" },
      ]
    },
    {
      "NAME": "1F_L",
      "Y_MIN": 225,
      "Y_MAX": 242,
      "MIN_CX": 45,
      "MAX_CX": 147,
      "ROPE_CX": 63,
      "ROPE_TARGET_CY": 183,
      "COMMANDS": [
        "RopeUp"
      ]
    },
    {
      "NAME": "1F_R",
      "Y_MIN": 225,
      "Y_MAX": 242,
      "MIN_CX": 148,
      "MAX_CX": 249,
      "ROPE_CX": 224,
      "ROPE_TARGET_CY": 183,
      "COMMANDS": [
        "RopeUp"
      ]
    }
  ]
}
